subject,class,chapter_file,chapter_number,heading_number,heading_text
Chemistry,Class 11,Chemical Bonding And Molecular Structure.pdf,4,4.1,KÖssel-Lewis Approach to Chemical Bonding
Chemistry,Class 11,Chemical Bonding And Molecular Structure.pdf,4,4.1.1,Octet Rule
Chemistry,Class 11,Chemical Bonding And Molecular Structure.pdf,4,4.1.2,Covalent Bond
Chemistry,Class 11,Chemical Bonding And Molecular Structure.pdf,4,4.1.3,Lewis Representation of Simple Molecules (the Lewis Structures)
Chemistry,Class 11,Chemical Bonding And Molecular Structure.pdf,4,4.1.4,Formal Charge
Chemistry,Class 11,Chemical Bonding And Molecular Structure.pdf,4,4.1.5,Limitations of the Octet Rule
Chemistry,Class 11,Chemical Bonding And Molecular Structure.pdf,4,4.2,Ionic or Electrovalent Bond
Chemistry,Class 11,Chemical Bonding And Molecular Structure.pdf,4,4.2.1,Lattice Enthalpy
Chemistry,Class 11,Chemical Bonding And Molecular Structure.pdf,4,4.3,Bond Parameters
Chemistry,Class 11,Chemical Bonding And Molecular Structure.pdf,4,4.3.1,Bond Length
Chemistry,Class 11,Chemical Bonding And Molecular Structure.pdf,4,4.3.2,Bond Angle
Chemistry,Class 11,Chemical Bonding And Molecular Structure.pdf,4,4.3.3,Bond Enthalpy
Chemistry,Class 11,Chemical Bonding And Molecular Structure.pdf,4,4.3.4,Bond Order
Chemistry,Class 11,Chemical Bonding And Molecular Structure.pdf,4,4.3.5,Resonance Structures
Chemistry,Class 11,Chemical Bonding And Molecular Structure.pdf,4,4.3.6,Polarity of Bonds
Chemistry,Class 11,Chemical Bonding And Molecular Structure.pdf,4,4.4,The Valence Shell Electron Pair Repulsion (VSEPR) Theory
Chemistry,Class 11,Chemical Bonding And Molecular Structure.pdf,4,4.5,Valence Bond Theory
Chemistry,Class 11,Chemical Bonding And Molecular Structure.pdf,4,4.5.1,Orbital Overlap Concept
Chemistry,Class 11,Chemical Bonding And Molecular Structure.pdf,4,4.5.2,Directional Properties of Bonds
Chemistry,Class 11,Chemical Bonding And Molecular Structure.pdf,4,4.5.3,Overlapping of Atomic Orbitals
Chemistry,Class 11,Chemical Bonding And Molecular Structure.pdf,4,4.5.4,Types of Overlapping and Nature of Covalent Bonds
Chemistry,Class 11,Chemical Bonding And Molecular Structure.pdf,4,4.5.5,Strength of Sigma and pi Bonds
Chemistry,Class 11,Chemical Bonding And Molecular Structure.pdf,4,4.6,Hybridisation
Chemistry,Class 11,Chemical Bonding And Molecular Structure.pdf,4,4.6.1,Types of Hybridisation
Chemistry,Class 11,Chemical Bonding And Molecular Structure.pdf,4,4.6.2,Other Examples of sp³ sp² and sp Hybridisation
Chemistry,Class 11,Chemical Bonding And Molecular Structure.pdf,4,4.6.3,Hybridisation of Elements involving d Orbitals
Chemistry,Class 11,Chemical Bonding And Molecular Structure.pdf,4,4.7,Molecular Orbital Theory
Chemistry,Class 11,Chemical Bonding And Molecular Structure.pdf,4,4.7.1,Formation of Molecular Orbitals Linear Combination of Atomic Orbitals (LCAO)
Chemistry,Class 11,Chemical Bonding And Molecular Structure.pdf,4,4.7.2,Conditions for the Combination of Atomic Orbitals
Chemistry,Class 11,Chemical Bonding And Molecular Structure.pdf,4,4.7.3,Types of Molecular Orbitals
Chemistry,Class 11,Chemical Bonding And Molecular Structure.pdf,4,4.7.4,Energy Level Diagram for Molecular Orbitals
Chemistry,Class 11,Chemical Bonding And Molecular Structure.pdf,4,4.7.5,Electronic Configuration and Molecular Behaviour
Chemistry,Class 11,Chemical Bonding And Molecular Structure.pdf,4,4.8,Bonding in Some Homonuclear Diatomic Molecules
Chemistry,Class 11,Chemical Bonding And Molecular Structure.pdf,4,4.9,Hydrogen Bonding
Chemistry,Class 11,Chemical Bonding And Molecular Structure.pdf,4,4.9.1,Cause of Formation of Hydrogen Bond
Chemistry,Class 11,Chemical Bonding And Molecular Structure.pdf,4,4.9.2,Types of H-Bonds
Chemistry,Class 11,Classification Of Elements And Periodicity.pdf,3,3.1,WHY DO WE NEED TO CLASSIFY ELEMENTS?
Chemistry,Class 11,Classification Of Elements And Periodicity.pdf,3,3.2,GENESIS OF PERIODIC CLASSIFICATION
Chemistry,Class 11,Classification Of Elements And Periodicity.pdf,3,3.3,MODERN PERIODIC LAW AND THE PRESENT FORM OF THE PERIODIC TABLE
Chemistry,Class 11,Classification Of Elements And Periodicity.pdf,3,3.4,NOMENCLATURE OF ELEMENTS WITH ATOMIC NUMBERS > 100
Chemistry,Class 11,Classification Of Elements And Periodicity.pdf,3,3.5,ELECTRONIC CONFIGURATIONS OF ELEMENTS AND THE PERIODIC TABLE
Chemistry,Class 11,Classification Of Elements And Periodicity.pdf,3,3.5.1,Electronic Configurations in Periods
Chemistry,Class 11,Classification Of Elements And Periodicity.pdf,3,3.5.2,Groupwise Electronic Configurations
Chemistry,Class 11,Classification Of Elements And Periodicity.pdf,3,3.6,ELECTRONIC CONFIGURATIONS AND TYPES OF ELEMENTS: s- p- d- f-BLOCKS
Chemistry,Class 11,Classification Of Elements And Periodicity.pdf,3,3.6.1,The s-Block Elements
Chemistry,Class 11,Classification Of Elements And Periodicity.pdf,3,3.6.2,The p-Block Elements
Chemistry,Class 11,Classification Of Elements And Periodicity.pdf,3,3.6.3,The d-Block Elements (Transition Elements)
Chemistry,Class 11,Classification Of Elements And Periodicity.pdf,3,3.6.4,The f-Block Elements (Inner-Transition Elements)
Chemistry,Class 11,Classification Of Elements And Periodicity.pdf,3,3.6.5,Metals Non-metals and Metalloids
Chemistry,Class 11,Classification Of Elements And Periodicity.pdf,3,3.7,PERIODIC TRENDS IN PROPERTIES OF ELEMENTS
Chemistry,Class 11,Classification Of Elements And Periodicity.pdf,3,3.7.1,Trends in Physical Properties
Chemistry,Class 11,Equilibrium.pdf,6,6.1,EQUILIBRIUM IN PHYSICAL PROCESSES
Chemistry,Class 11,Equilibrium.pdf,6,6.1.1,Solid-Liquid Equilibrium
Chemistry,Class 11,Equilibrium.pdf,6,6.1.2,Liquid-Vapour Equilibrium
Chemistry,Class 11,Equilibrium.pdf,6,6.1.3,Solid-Vapour Equilibrium
Chemistry,Class 11,Equilibrium.pdf,6,6.1.4,Equilibrium Involving Dissolution of Solid or Gases in Liquids
Chemistry,Class 11,Equilibrium.pdf,6,6.1.5,General Characteristics of Equilibria Involving Physical Processes
Chemistry,Class 11,Equilibrium.pdf,6,6.2,EQUILIBRIUM IN CHEMICAL PROCESSES – DYNAMIC EQUILIBRIUM
Chemistry,Class 11,Equilibrium.pdf,6,6.3,LAW OF CHEMICAL EQUILIBRIUM AND EQUILIBRIUM CONSTANT
Chemistry,Class 11,Equilibrium.pdf,6,6.4,HOMOGENEOUS EQUILIBRIA
Chemistry,Class 11,Equilibrium.pdf,6,6.4.1,Equilibrium Constant in Gaseous Systems
Chemistry,Class 11,Equilibrium.pdf,6,6.5,HETEROGENEOUS EQUILIBRIA
Chemistry,Class 11,Equilibrium.pdf,6,6.6,APPLICATIONS OF EQUILIBRIUM CONSTANTS
Chemistry,Class 11,Equilibrium.pdf,6,6.6.1,Predicting the Extent of a Reaction
Chemistry,Class 11,Equilibrium.pdf,6,6.6.2,Predicting the Direction of the Equilibrium
Chemistry,Class 11,Equilibrium.pdf,6,6.6.3,Calculating Equilibrium Concentration
Chemistry,Class 11,Equilibrium.pdf,6,6.7,RELATIONSHIP BETWEEN EQUILIBRIUM CONSTANT K REACTION QUOTIENT Q AND GIBBS ENERGY G
Chemistry,Class 11,Equilibrium.pdf,6,6.8,FACTORS AFFECTING EQUILIBRIA
Chemistry,Class 11,Equilibrium.pdf,6,6.8.1,Effect of Concentration Change
Chemistry,Class 11,Equilibrium.pdf,6,6.8.2,Effect of Pressure Change
Chemistry,Class 11,Equilibrium.pdf,6,6.8.3,Effect of Inert Gas Addition
Chemistry,Class 11,Equilibrium.pdf,6,6.8.4,Effect of Temperature Change
Chemistry,Class 11,Equilibrium.pdf,6,6.8.5,Effect of a Catalyst
Chemistry,Class 11,Equilibrium.pdf,6,6.9,IONIC EQUILIBRIUM IN SOLUTION
Chemistry,Class 11,Equilibrium.pdf,6,6.10,ACIDS BASES AND SALTS
Chemistry,Class 11,Equilibrium.pdf,6,6.10.1,Arrhenius Concept of Acids and Bases
Chemistry,Class 11,Equilibrium.pdf,6,6.10.2,The Brönsted-Lowry Acids and Bases
Chemistry,Class 11,Equilibrium.pdf,6,6.10.3,Lewis Acids and Bases
Chemistry,Class 11,Equilibrium.pdf,6,6.11,IONIZATION OF ACIDS AND BASES
Chemistry,Class 11,Equilibrium.pdf,6,6.11.1,The Ionization Constant of Water and its Ionic Product
Chemistry,Class 11,Equilibrium.pdf,6,6.11.2,The pH Scale
Chemistry,Class 11,Equilibrium.pdf,6,6.11.3,Ionization Constants of Weak Acids
Chemistry,Class 11,Equilibrium.pdf,6,6.11.4,Ionization of Weak Bases
Chemistry,Class 11,Equilibrium.pdf,6,6.11.5,Relation between Ka and Kb
Chemistry,Class 11,Equilibrium.pdf,6,6.11.6,Di- and Polybasic Acids and Di- and Polyacidic Bases
Chemistry,Class 11,Equilibrium.pdf,6,6.11.7,Factors Affecting Acid Strength
Chemistry,Class 11,Equilibrium.pdf,6,6.11.8,Common Ion Effect in the Ionization of Acids and Bases
Chemistry,Class 11,Equilibrium.pdf,6,6.11.9,Hydrolysis of Salts and the pH of their Solutions
Chemistry,Class 11,Equilibrium.pdf,6,6.12,BUFFER SOLUTIONS
Chemistry,Class 11,Equilibrium.pdf,6,6.13,SOLUBILITY EQUILIBRIA OF SPARINGLY SOLUBLE SALTS
Chemistry,Class 11,Equilibrium.pdf,6,6.13.1,Solubility Product Constant
Chemistry,Class 11,Equilibrium.pdf,6,6.13.2,Common Ion Effect on Solubility of Ionic Salts
Chemistry,Class 11,Hydrocarbons.pdf,9,9.1,CLASSIFICATION
Chemistry,Class 11,Hydrocarbons.pdf,9,9.2,ALKANES
Chemistry,Class 11,Hydrocarbons.pdf,9,9.2.1,Nomenclature and Isomerism
Chemistry,Class 11,Hydrocarbons.pdf,9,9.2.2,Preparation
Chemistry,Class 11,Hydrocarbons.pdf,9,9.2.3,Properties
Chemistry,Class 11,Hydrocarbons.pdf,9,9.2.4,Conformations
Chemistry,Class 11,Hydrocarbons.pdf,9,9.3,ALKENES
Chemistry,Class 11,Hydrocarbons.pdf,9,9.3.1,Structure of Double Bond
Chemistry,Class 11,Hydrocarbons.pdf,9,9.3.2,Nomenclature
Chemistry,Class 11,Hydrocarbons.pdf,9,9.3.3,Isomerism
Chemistry,Class 11,Hydrocarbons.pdf,9,9.3.4,Preparation
Chemistry,Class 11,Hydrocarbons.pdf,9,9.3.5,Properties
Chemistry,Class 11,Hydrocarbons.pdf,9,9.4,ALKYNES
Chemistry,Class 11,Hydrocarbons.pdf,9,9.4.1,Nomenclature and Isomerism
Chemistry,Class 11,Hydrocarbons.pdf,9,9.4.2,Structure of Triple Bond
Chemistry,Class 11,Hydrocarbons.pdf,9,9.4.3,Preparation
Chemistry,Class 11,Hydrocarbons.pdf,9,9.4.4,Properties
Chemistry,Class 11,Hydrocarbons.pdf,9,9.5,AROMATIC HYDROCARBON
Chemistry,Class 11,Hydrocarbons.pdf,9,9.5.1,Nomenclature and Isomerism
Chemistry,Class 11,Hydrocarbons.pdf,9,9.5.2,Structure of Benzene
Chemistry,Class 11,Hydrocarbons.pdf,9,9.5.3,Aromaticity
Chemistry,Class 11,Hydrocarbons.pdf,9,9.5.4,Preparation of Benzene
Chemistry,Class 11,Hydrocarbons.pdf,9,9.5.5,Properties
Chemistry,Class 11,Hydrocarbons.pdf,9,9.5.6,Directive influence of a functional group in monosubstituted benzene
Chemistry,Class 11,Hydrocarbons.pdf,9,9.6,CARCINOGENICITY AND TOXICITY
Chemistry,Class 11,Organic Chemistry Basics.pdf,8,8.1,GENERAL INTRODUCTION
Chemistry,Class 11,Organic Chemistry Basics.pdf,8,8.2,TETRAVALENCE OF CARBON: SHAPES OF ORGANIC COMPOUNDS
Chemistry,Class 11,Organic Chemistry Basics.pdf,8,8.2.1,The Shapes of Carbon Compounds
Chemistry,Class 11,Organic Chemistry Basics.pdf,8,8.2.2,Some Characteristic Features of π Bonds
Chemistry,Class 11,Organic Chemistry Basics.pdf,8,8.3,STRUCTURAL REPRESENTATIONS OF ORGANIC COMPOUNDS
Chemistry,Class 11,Organic Chemistry Basics.pdf,8,8.3.1,Complete Condensed and Bond-line Structural Formulas
Chemistry,Class 11,Organic Chemistry Basics.pdf,8,8.3.2,Three-Dimensional Representation of Organic Molecules
Chemistry,Class 11,Organic Chemistry Basics.pdf,8,8.4,CLASSIFICATION OF ORGANIC COMPOUNDS
Chemistry,Class 11,Organic Chemistry Basics.pdf,8,8.4.1,Functional Group
Chemistry,Class 11,Organic Chemistry Basics.pdf,8,8.4.2,Homologous Series
Chemistry,Class 11,Organic Chemistry Basics.pdf,8,8.5,NOMENCLATURE OF ORGANIC COMPOUNDS
Chemistry,Class 11,Organic Chemistry Basics.pdf,8,8.5.1,The IUPAC System of Nomenclature
Chemistry,Class 11,Organic Chemistry Basics.pdf,8,8.5.2,IUPAC Nomenclature of Alkanes
Chemistry,Class 11,Organic Chemistry Basics.pdf,8,8.5.3,Nomenclature of Organic Compounds having Functional Group(s)
Chemistry,Class 11,Organic Chemistry Basics.pdf,8,8.5.4,Nomenclature of Substituted Benzene Compounds
Chemistry,Class 11,Organic Chemistry Basics.pdf,8,8.6,ISOMERISM
Chemistry,Class 11,Organic Chemistry Basics.pdf,8,8.6.1,Structural Isomerism
Chemistry,Class 11,Organic Chemistry Basics.pdf,8,8.6.2,Stereoisomerism
Chemistry,Class 11,Organic Chemistry Basics.pdf,8,8.7,FUNDAMENTAL CONCEPTS IN ORGANIC REACTION MECHANISM
Chemistry,Class 11,Organic Chemistry Basics.pdf,8,8.7.1,Fission of a Covalent Bond
Chemistry,Class 11,Organic Chemistry Basics.pdf,8,8.7.2,Nucleophiles and Electrophiles
Chemistry,Class 11,Organic Chemistry Basics.pdf,8,8.7.3,Electron Movement in Organic Reactions
Chemistry,Class 11,Organic Chemistry Basics.pdf,8,8.7.4,Electron Displacement Effects in Covalent Bonds
Chemistry,Class 11,Organic Chemistry Basics.pdf,8,8.7.5,Inductive Effect
Chemistry,Class 11,Organic Chemistry Basics.pdf,8,8.7.6,Resonance Structure
Chemistry,Class 11,Organic Chemistry Basics.pdf,8,8.7.7,Resonance Effect
Chemistry,Class 11,Organic Chemistry Basics.pdf,8,8.7.8,Electromeric Effect (E effect)
Chemistry,Class 11,Organic Chemistry Basics.pdf,8,8.7.9,Hyperconjugation
Chemistry,Class 11,Organic Chemistry Basics.pdf,8,8.7.10,Types of Organic Reactions and Mechanisms
Chemistry,Class 11,Organic Chemistry Basics.pdf,8,8.8,METHODS OF PURIFICATION OF ORGANIC COMPOUNDS
Chemistry,Class 11,Organic Chemistry Basics.pdf,8,8.8.1,Sublimation
Chemistry,Class 11,Organic Chemistry Basics.pdf,8,8.8.2,Crystallisation
Chemistry,Class 11,Organic Chemistry Basics.pdf,8,8.8.3,Distillation
Chemistry,Class 11,Organic Chemistry Basics.pdf,8,8.8.4,Differential Extraction
Chemistry,Class 11,Organic Chemistry Basics.pdf,8,8.8.5,Chromatography
Chemistry,Class 11,Organic Chemistry Basics.pdf,8,8.9,QUALITATIVE ANALYSIS OF ORGANIC COMPOUNDS
Chemistry,Class 11,Organic Chemistry Basics.pdf,8,8.9.1,Detection of Carbon and Hydrogen
Chemistry,Class 11,Organic Chemistry Basics.pdf,8,8.9.2,Detection of Other Elements
Chemistry,Class 11,Organic Chemistry Basics.pdf,8,8.10,QUANTITATIVE ANALYSIS
Chemistry,Class 11,Organic Chemistry Basics.pdf,8,8.10.1,Carbon and Hydrogen
Chemistry,Class 11,Organic Chemistry Basics.pdf,8,8.10.2,Nitrogen
Chemistry,Class 11,Organic Chemistry Basics.pdf,8,8.10.3,Halogens
Chemistry,Class 11,Organic Chemistry Basics.pdf,8,8.10.4,Sulphur
Chemistry,Class 11,Organic Chemistry Basics.pdf,8,8.10.5,Phosphorus
Chemistry,Class 11,Organic Chemistry Basics.pdf,8,8.10.6,Oxygen
Chemistry,Class 11,Redox Reactions.pdf,7,7.1,CLASSICAL IDEA OF REDOX REACTIONS – OXIDATION AND REDUCTION REACTIONS
Chemistry,Class 11,Redox Reactions.pdf,7,7.2,REDOX REACTIONS IN TERMS OF ELECTRON TRANSFER REACTIONS
Chemistry,Class 11,Redox Reactions.pdf,7,7.2.1,Competitive Electron Transfer Reactions
Chemistry,Class 11,Redox Reactions.pdf,7,7.3,OXIDATION NUMBER
Chemistry,Class 11,Redox Reactions.pdf,7,7.3.1,Types of Redox Reactions
Chemistry,Class 11,Redox Reactions.pdf,7,7.3.2,Balancing of Redox Reactions
Chemistry,Class 11,Redox Reactions.pdf,7,7.3.3,Redox Reactions as the Basis for Titrations
Chemistry,Class 11,Redox Reactions.pdf,7,7.3.4,Limitations of Concept of Oxidation Number
Chemistry,Class 11,Redox Reactions.pdf,7,7.4,REDOX REACTIONS AND ELECTRODE PROCESSES
Chemistry,Class 11,Some Basic Concepts Of Chemistry.pdf,1,1.1,IMPORTANCE OF CHEMISTRY
Chemistry,Class 11,Some Basic Concepts Of Chemistry.pdf,1,1.2,NATURE OF MATTER
Chemistry,Class 11,Some Basic Concepts Of Chemistry.pdf,1,1.2.1,States of Matter
Chemistry,Class 11,Some Basic Concepts Of Chemistry.pdf,1,1.2.2,Classification of Matter
Chemistry,Class 11,Some Basic Concepts Of Chemistry.pdf,1,1.3,PROPERTIES OF MATTER AND THEIR MEASUREMENT
Chemistry,Class 11,Some Basic Concepts Of Chemistry.pdf,1,1.3.1,Physical and chemical properties
Chemistry,Class 11,Some Basic Concepts Of Chemistry.pdf,1,1.3.2,Measurement of physical properties
Chemistry,Class 11,Some Basic Concepts Of Chemistry.pdf,1,1.3.3,The International System of Units (SI)
Chemistry,Class 11,Some Basic Concepts Of Chemistry.pdf,1,1.3.4,Mass and Weight
Chemistry,Class 11,Some Basic Concepts Of Chemistry.pdf,1,1.3.5,Volume
Chemistry,Class 11,Some Basic Concepts Of Chemistry.pdf,1,1.3.6,Density
Chemistry,Class 11,Some Basic Concepts Of Chemistry.pdf,1,1.3.7,Temperature
Chemistry,Class 11,Some Basic Concepts Of Chemistry.pdf,1,1.4,UNCERTAINTY IN MEASUREMENT
Chemistry,Class 11,Some Basic Concepts Of Chemistry.pdf,1,1.4.1,Scientific Notation
Chemistry,Class 11,Some Basic Concepts Of Chemistry.pdf,1,1.4.2,Significant Figures
Chemistry,Class 11,Some Basic Concepts Of Chemistry.pdf,1,1.4.3,Dimensional Analysis
Chemistry,Class 11,Some Basic Concepts Of Chemistry.pdf,1,1.5,LAWS OF CHEMICAL COMBINATIONS
Chemistry,Class 11,Some Basic Concepts Of Chemistry.pdf,1,1.5.1,Law of Conservation of Mass
Chemistry,Class 11,Some Basic Concepts Of Chemistry.pdf,1,1.5.2,Law of Definite Proportions
Chemistry,Class 11,Some Basic Concepts Of Chemistry.pdf,1,1.5.3,Law of Multiple Proportions
Chemistry,Class 11,Some Basic Concepts Of Chemistry.pdf,1,1.5.4,Gay Lussac’s Law of Gaseous Volumes
Chemistry,Class 11,Some Basic Concepts Of Chemistry.pdf,1,1.5.5,Avogadro Law
Chemistry,Class 11,Some Basic Concepts Of Chemistry.pdf,1,1.6,DALTON’S ATOMIC THEORY
Chemistry,Class 11,Some Basic Concepts Of Chemistry.pdf,1,1.7,ATOMIC AND MOLECULAR MASSES
Chemistry,Class 11,Some Basic Concepts Of Chemistry.pdf,1,1.8,MOLE CONCEPT AND MOLAR MASSES
Chemistry,Class 11,Some Basic Concepts Of Chemistry.pdf,1,1.9,PERCENTAGE COMPOSITION
Chemistry,Class 11,Some Basic Concepts Of Chemistry.pdf,1,1.9.1,Empirical Formula for Molecular Formula
Chemistry,Class 11,Some Basic Concepts Of Chemistry.pdf,1,1.10,STOICHIOMETRY AND STOICHIOMETRIC CALCULATIONS
Chemistry,Class 11,Some Basic Concepts Of Chemistry.pdf,1,1.10.1,Limiting Reagent
Chemistry,Class 11,Some Basic Concepts Of Chemistry.pdf,1,1.10.2,Reactions in Solutions
Chemistry,Class 11,Structure Of Atom.pdf,2,2.1,DISCOVERY OF SUB-ATOMIC PARTICLES
Chemistry,Class 11,Structure Of Atom.pdf,2,2.1.1,Discovery of Electron
Chemistry,Class 11,Structure Of Atom.pdf,2,2.1.2,Charge to Mass Ratio of Electron
Chemistry,Class 11,Structure Of Atom.pdf,2,2.1.3,Charge on the Electron
Chemistry,Class 11,Structure Of Atom.pdf,2,2.1.4,Discovery of Protons and Neutrons
Chemistry,Class 11,Structure Of Atom.pdf,2,2.2,ATOMIC MODELS
Chemistry,Class 11,Structure Of Atom.pdf,2,2.2.1,Thomson Model of Atom
Chemistry,Class 11,Structure Of Atom.pdf,2,2.2.2,Rutherford’s Nuclear Model of Atom
Chemistry,Class 11,Structure Of Atom.pdf,2,2.2.3,Atomic Number and Mass Number
Chemistry,Class 11,Structure Of Atom.pdf,2,2.2.4,Isobars and Isotopes
Chemistry,Class 11,Structure Of Atom.pdf,2,2.2.5,Drawbacks of Rutherford Model
Chemistry,Class 11,Structure Of Atom.pdf,2,2.3,DEVELOPMENTS LEADING TO THE BOHR’S MODEL OF ATOM
Chemistry,Class 11,Structure Of Atom.pdf,2,2.3.1,Wave Nature of Electromagnetic Radiation
Chemistry,Class 11,Structure Of Atom.pdf,2,2.3.2,Particle Nature of Electromagnetic Radiation- Planck’s Quantum Theory
Chemistry,Class 11,Structure Of Atom.pdf,2,2.3.3,Evidence for the quantized* Electronic Energy Levels: Atomic spectra
Chemistry,Class 11,Structure Of Atom.pdf,2,2.4,BOHR’S MODEL FOR HYDROGEN ATOM
Chemistry,Class 11,Structure Of Atom.pdf,2,2.4.1,Explanation of Line Spectrum of Hydrogen
Chemistry,Class 11,Structure Of Atom.pdf,2,2.4.2,Limitations of Bohr’s Model
Chemistry,Class 11,Structure Of Atom.pdf,2,2.5,TOWARDS QUANTUM MECHANICAL MODEL OF THE ATOM
Chemistry,Class 11,Structure Of Atom.pdf,2,2.5.1,Dual Behaviour of Matter
Chemistry,Class 11,Structure Of Atom.pdf,2,2.5.2,Heisenberg’s Uncertainty Principle
Chemistry,Class 11,Structure Of Atom.pdf,2,2.6,QUANTUM MECHANICAL MODEL OF ATOM
Chemistry,Class 11,Structure Of Atom.pdf,2,2.6.1,Hydrogen Atom and the Schrödinger Equation
Chemistry,Class 11,Structure Of Atom.pdf,2,2.6.2,Important Features of the Quantum Mechanical Model of Atom
Chemistry,Class 11,Structure Of Atom.pdf,2,2.7,QUANTUM MECHANICAL TREATMENT OF MODEL OF ATOM
Chemistry,Class 11,Structure Of Atom.pdf,2,2.7.1,Principal Quantum Number (n)
Chemistry,Class 11,Structure Of Atom.pdf,2,2.7.2,Azimuthal Quantum Number (l)
Chemistry,Class 11,Structure Of Atom.pdf,2,2.7.3,Magnetic Orbital Quantum Number (ml)
Chemistry,Class 11,Structure Of Atom.pdf,2,2.7.4,Electron Spin Quantum Number (ms)
Chemistry,Class 11,Structure Of Atom.pdf,2,2.7.5,Shapes of Atomic Orbitals
Chemistry,Class 11,Structure Of Atom.pdf,2,2.7.6,Energies of Orbitals
Chemistry,Class 11,Structure Of Atom.pdf,2,2.7.7,Filling of Orbitals in Atom
Chemistry,Class 11,Structure Of Atom.pdf,2,2.7.8,Electronic Configuration of Atoms
Chemistry,Class 11,Structure Of Atom.pdf,2,2.7.9,Stability of Completely Filled and Half Filled Subshells
Chemistry,Class 11,Thermodynamics.pdf,5,5.1,THERMODYNAMIC TERMS
Chemistry,Class 11,Thermodynamics.pdf,5,5.1.1,The System and the Surroundings
Chemistry,Class 11,Thermodynamics.pdf,5,5.1.2,Types of the System
Chemistry,Class 11,Thermodynamics.pdf,5,5.1.3,The State of the System
Chemistry,Class 11,Thermodynamics.pdf,5,5.1.4,The Internal Energy as a State Function
Chemistry,Class 11,Thermodynamics.pdf,5,5.2,APPLICATIONS
Chemistry,Class 11,Thermodynamics.pdf,5,5.2.1,Work
Chemistry,Class 11,Thermodynamics.pdf,5,5.2.2,Enthalpy H
Chemistry,Class 11,Thermodynamics.pdf,5,5.3,MEASUREMENT OF ∆U AND ∆H: CALORIMETRY
Chemistry,Class 11,Thermodynamics.pdf,5,5.4,ENTHALPY CHANGE ∆rH OF A REACTION – REACTION ENTHALPY
Chemistry,Class 11,Thermodynamics.pdf,5,5.4.1,Standard Enthalpy of Reactions
Chemistry,Class 11,Thermodynamics.pdf,5,5.4.2,Enthalpy Changes during Phase Transformations
Chemistry,Class 11,Thermodynamics.pdf,5,5.4.3,Standard Enthalpy of Formation
Chemistry,Class 11,Thermodynamics.pdf,5,5.4.4,Thermochemical Equations
Chemistry,Class 11,Thermodynamics.pdf,5,5.4.5,Hess’s Law of Constant Heat Summation
Chemistry,Class 11,Thermodynamics.pdf,5,5.4.6,Enthalpies for Different Types of Reactions
Chemistry,Class 11,Thermodynamics.pdf,5,5.5,SPONTANEITY
Chemistry,Class 11,Thermodynamics.pdf,5,5.5.1,Is Decrease in Enthalpy a Criterion for Spontaneity ?
Chemistry,Class 11,Thermodynamics.pdf,5,5.5.2,Entropy and Spontaneity
Chemistry,Class 11,Thermodynamics.pdf,5,5.5.3,Gibbs Energy and Spontaneity
Chemistry,Class 11,Thermodynamics.pdf,5,5.5.4,Absolute Entropy and Third Law of Thermodynamics
Chemistry,Class 11,Thermodynamics.pdf,5,5.6,GIBBS ENERGY CHANGE AND EQUILIBRIUM
Chemistry,Class 11,Thermodynamics.pdf,5,5.6.1,Relationship between Gibbs Energy Change and Equilibrium Constant K
Chemistry,Class 11,Thermodynamics.pdf,5,5.6.2,Gibbs Energy Change and Equilibrium Constant
Chemistry,Class 11,Thermodynamics.pdf,5,5.6.3,Relationship between Gibbs Energy Change and Equilibrium Constant K
Chemistry,Class 11,Thermodynamics.pdf,5,5.6.4,Gibbs Energy Change and Equilibrium Constant
Chemistry,Class 11,Thermodynamics.pdf,5,5.7,ENTROPY AND SECOND LAW OF THERMODYNAMICS
Chemistry,Class 11,Thermodynamics.pdf,5,5.7.1,Entropy and Spontaneity
Chemistry,Class 11,Thermodynamics.pdf,5,5.7.2,Entropy Change in Reversible and Irreversible Processes
Chemistry,Class 11,Thermodynamics.pdf,5,5.7.3,Entropy Change in an Ideal Gas
Chemistry,Class 11,Thermodynamics.pdf,5,5.7.4,Entropy Change in Mixing of Ideal Gases
Chemistry,Class 11,Thermodynamics.pdf,5,5.7.5,Entropy Change due to Change in Temperature
Chemistry,Class 11,Thermodynamics.pdf,5,5.8,THIRD LAW OF THERMODYNAMICS
Chemistry,Class 11,Alcohol Phenols Ethers.pdf,7,7.1,CLASSIFICATION
Chemistry,Class 11,Alcohol Phenols Ethers.pdf,7,7.1.1,ALCOHOLS- MONO DI TRI OR POLYHYDRIC ALCOHOLS
Chemistry,Class 11,Alcohol Phenols Ethers.pdf,7,7.1.2,PHENOLS- MONO DI AND TRIHYDRIC PHENOLS
Chemistry,Class 11,Alcohol Phenols Ethers.pdf,7,7.1.3,ETHERS
Chemistry,Class 11,Alcohol Phenols Ethers.pdf,7,7.2,NOMENCLATURE
Chemistry,Class 11,Alcohol Phenols Ethers.pdf,7,7.3,STRUCTURES OF FUNCTIONAL GROUPS
Chemistry,Class 11,Alcohol Phenols Ethers.pdf,7,7.4,ALCOHOLS AND PHENOLS
Chemistry,Class 11,Alcohol Phenols Ethers.pdf,7,7.4.1,PREPARATION OF ALCOHOLS
Chemistry,Class 11,Alcohol Phenols Ethers.pdf,7,7.4.2,PREPARATION OF PHENOLS
Chemistry,Class 11,Alcohol Phenols Ethers.pdf,7,7.4.3,PHYSICAL PROPERTIES
Chemistry,Class 11,Alcohol Phenols Ethers.pdf,7,7.4.4,CHEMICAL REACTIONS
Chemistry,Class 11,Alcohol Phenols Ethers.pdf,7,7.5,ETHERS
Chemistry,Class 11,Alcohol Phenols Ethers.pdf,7,7.5.1,PREPARATION OF ETHERS
Chemistry,Class 11,Alcohol Phenols Ethers.pdf,7,7.5.2,PHYSICAL PROPERTIES
Chemistry,Class 11,Alcohol Phenols Ethers.pdf,7,7.5.3,CHEMICAL REACTIONS
Chemistry,Class 11,Aldehydes Ketones And Carboxylic Acid.pdf,8,8.1,NOMENCLATURE AND STRUCTURE OF CARBONYL GROUP
Chemistry,Class 11,Aldehydes Ketones And Carboxylic Acid.pdf,8,8.1.1,NOMENCLATURE
Chemistry,Class 11,Aldehydes Ketones And Carboxylic Acid.pdf,8,8.1.2,STRUCTURE OF THE CARBONYL GROUP
Chemistry,Class 11,Aldehydes Ketones And Carboxylic Acid.pdf,8,8.2,PREPARATION OF ALDEHYDES AND KETONES
Chemistry,Class 11,Aldehydes Ketones And Carboxylic Acid.pdf,8,8.2.1,PREPARATION OF ALDEHYDES
Chemistry,Class 11,Aldehydes Ketones And Carboxylic Acid.pdf,8,8.2.2,PREPARATION OF KETONES
Chemistry,Class 11,Aldehydes Ketones And Carboxylic Acid.pdf,8,8.3,PHYSICAL PROPERTIES
Chemistry,Class 11,Aldehydes Ketones And Carboxylic Acid.pdf,8,8.4,CHEMICAL REACTIONS
Chemistry,Class 11,Aldehydes Ketones And Carboxylic Acid.pdf,8,8.5,USES OF ALDEHYDES AND KETONES
Chemistry,Class 11,Aldehydes Ketones And Carboxylic Acid.pdf,8,8.6,NOMENCLATURE AND STRUCTURE OF CARBOXYL GROUP
Chemistry,Class 11,Aldehydes Ketones And Carboxylic Acid.pdf,8,8.6.1,NOMENCLATURE
Chemistry,Class 11,Aldehydes Ketones And Carboxylic Acid.pdf,8,8.6.2,STRUCTURE OF CARBOXYL GROUP
Chemistry,Class 11,Aldehydes Ketones And Carboxylic Acid.pdf,8,8.7,METHODS OF PREPARATION OF CARBOXYLIC ACIDS
Chemistry,Class 11,Aldehydes Ketones And Carboxylic Acid.pdf,8,8.8,PHYSICAL PROPERTIES
Chemistry,Class 11,Aldehydes Ketones And Carboxylic Acid.pdf,8,8.9,CHEMICAL REACTIONS
Chemistry,Class 11,Aldehydes Ketones And Carboxylic Acid.pdf,8,8.9.1,REACTIONS INVOLVING CLEAVAGE OF O-H BOND
Chemistry,Class 11,Aldehydes Ketones And Carboxylic Acid.pdf,8,8.9.2,REACTIONS INVOLVING CLEAVAGE OF C-OH BOND
Chemistry,Class 11,Aldehydes Ketones And Carboxylic Acid.pdf,8,8.9.3,REACTIONS INVOLVING -COOH GROUP
Chemistry,Class 11,Aldehydes Ketones And Carboxylic Acid.pdf,8,8.9.4,SUBSTITUTION REACTIONS IN THE HYDROCARBON PART
Chemistry,Class 11,Aldehydes Ketones And Carboxylic Acid.pdf,8,8.10,USES OF CARBOXYLIC ACIDS
Chemistry,Class 11,Amines.pdf,9,9.1,STRUCTURE OF AMINES
Chemistry,Class 11,Amines.pdf,9,9.2,CLASSIFICATION
Chemistry,Class 11,Amines.pdf,9,9.3,NOMENCLATURE
Chemistry,Class 11,Amines.pdf,9,9.4,PREPARATION OF AMINES
Chemistry,Class 11,Amines.pdf,9,9.5,PHYSICAL PROPERTIES
Chemistry,Class 11,Amines.pdf,9,9.6,CHEMICAL REACTIONS
Chemistry,Class 11,Amines.pdf,9,9.7,METHOD OF PREPARATION OF DIAZONIUM SALTS
Chemistry,Class 11,Amines.pdf,9,9.8,PHYSICAL PROPERTIES
Chemistry,Class 11,Amines.pdf,9,9.9,CHEMICAL REACTIONS
Chemistry,Class 11,Biomolecules.pdf,10,10.1,CARBOHDRATES
Chemistry,Class 11,Biomolecules.pdf,10,10.1.1,CLASSIFICATION OF CARBOHYDRATES
Chemistry,Class 11,Biomolecules.pdf,10,10.1.2,MONOSACCHARIDES
Chemistry,Class 11,Biomolecules.pdf,10,10.1.3,DISACCHARIDES
Chemistry,Class 11,Biomolecules.pdf,10,10.1.4,POLYSACCHARIDES
Chemistry,Class 11,Biomolecules.pdf,10,10.1.5,IMPORTANCE OF CARBOHYDRATES
Chemistry,Class 11,Biomolecules.pdf,10,10.2,PROTEINS
Chemistry,Class 11,Biomolecules.pdf,10,10.2.1,AMINO ACIDS
Chemistry,Class 11,Biomolecules.pdf,10,10.2.2,CLASSIFICATION OF AMINO ACIDS
Chemistry,Class 11,Biomolecules.pdf,10,10.2.3,STRUCTURE OF PROTEINS
Chemistry,Class 11,Biomolecules.pdf,10,10.2.4,DENATURATION OF PROTEINS
Chemistry,Class 11,Biomolecules.pdf,10,10.3,ENZYMES
Chemistry,Class 11,Biomolecules.pdf,10,10.3.1,MECHANISM OF ENZYME ACTION
Chemistry,Class 11,Biomolecules.pdf,10,10.4,VITAMINS
Chemistry,Class 11,Biomolecules.pdf,10,10.5,NUCLEIC ACIDS
Chemistry,Class 11,Biomolecules.pdf,10,10.5.1,CHEMICAL COMPOSITION OF NUCLEIC ACIDS
Chemistry,Class 11,Biomolecules.pdf,10,10.5.2,STRUCTURE OF NUCLEIC ACIDS
Chemistry,Class 11,Biomolecules.pdf,10,10.5.3,BIOLOGICAL FUNCTIONS OF NUCLEIC ACIDS
Chemistry,Class 11,Biomolecules.pdf,10,10.6,HORMONES
Chemistry,Class 11,Chemical Kinetics.pdf,3,3.1,RATE OF A CHEMICAL REACTION
Chemistry,Class 11,Chemical Kinetics.pdf,3,3.2,FACTORS INFLUENCING RATE OF A REACTION
Chemistry,Class 11,Chemical Kinetics.pdf,3,3.2.1,DEPENDENCE OF RATE ON CONCENTRATION
Chemistry,Class 11,Chemical Kinetics.pdf,3,3.2.2,RATE EXPRESSION AND RATE CONSTANT
Chemistry,Class 11,Chemical Kinetics.pdf,3,3.2.3,ORDER OF A REACTION
Chemistry,Class 11,Chemical Kinetics.pdf,3,3.2.4,MOLECULARITY OF A REACTION
Chemistry,Class 11,Chemical Kinetics.pdf,3,3.3,INTEGRATED RATE EQUATIONS
Chemistry,Class 11,Chemical Kinetics.pdf,3,3.3.1,ZERO ORDER REACTIONS
Chemistry,Class 11,Chemical Kinetics.pdf,3,3.3.2,FIRST ORDER REACTIONS
Chemistry,Class 11,Chemical Kinetics.pdf,3,3.3.3,HALF-LIFE OF A REACTION
Chemistry,Class 11,Chemical Kinetics.pdf,3,3.4,TEMPERATURE DEPENDENCE OF THE RATE OF A REACTION
Chemistry,Class 11,Chemical Kinetics.pdf,3,3.4.1,EFFECT OF CATALYST
Chemistry,Class 11,Chemical Kinetics.pdf,3,3.5,COLLISION THEORY OF CHEMICAL REACTIONS
Chemistry,Class 11,Coordination Compounds.pdf,5,5.1,WERNER’S THEORY OF COORDINATION COMPOUNDS
Chemistry,Class 11,Coordination Compounds.pdf,5,5.2,DEFINITIONS OF SOME IMPORTANT TERMS PERTAINING TO COORDINATION COMPOUNDS
Chemistry,Class 11,Coordination Compounds.pdf,5,5.3,NOMENCLATURE OF COORDINATION COMPOUNDS
Chemistry,Class 11,Coordination Compounds.pdf,5,5.3.1,FORMULAS OF MONONUCLEAR COORDINATION ENTITIES
Chemistry,Class 11,Coordination Compounds.pdf,5,5.3.2,NAMING OF MONONUCLEAR COORDINATION COMPOUNDS
Chemistry,Class 11,Coordination Compounds.pdf,5,5.4,ISOMERISM IN COORDINATION COMPOUNDS
Chemistry,Class 11,Coordination Compounds.pdf,5,5.4.1,STEREOISOMERISM
Chemistry,Class 11,Coordination Compounds.pdf,5,5.4.2,STRUCTURAL ISOMERISM
Chemistry,Class 11,Coordination Compounds.pdf,5,5.5,BONDING IN COORDINATION COMPOUNDS
Chemistry,Class 11,Coordination Compounds.pdf,5,5.5.1,VALENCE BOND THEORY
Chemistry,Class 11,Coordination Compounds.pdf,5,5.5.2,CRYSTAL FIELD THEORY
Chemistry,Class 11,Coordination Compounds.pdf,5,5.5.3,COLOUR IN COORDINATION COMPOUNDS
Chemistry,Class 11,Coordination Compounds.pdf,5,5.5.4,LIMITATIONS OF CRYSTAL FIELD THEORY
Chemistry,Class 11,Coordination Compounds.pdf,5,5.6,BONDING IN METAL CARBONYLS
Chemistry,Class 11,Coordination Compounds.pdf,5,5.7,STABILITY OF COORDINATION COMPOUNDS
Chemistry,Class 11,Coordination Compounds.pdf,5,5.8,IMPORTANCE AND APPLICATIONS OF COORDINATION COMPOUNDS
Chemistry,Class 11,D And F Block.pdf,4,4.1,POSITION IN THE PERIODIC TABLE
Chemistry,Class 11,D And F Block.pdf,4,4.2,ELECTRONIC CONFIGURATIONS OF THE D-BLOCK ELEMENTS
Chemistry,Class 11,D And F Block.pdf,4,4.3,GENERAL PROPERTIES OF THE TRANSITION ELEMENTS (D-BLOCK)
Chemistry,Class 11,D And F Block.pdf,4,4.3.1,PHYSICAL PROPERTIES
Chemistry,Class 11,D And F Block.pdf,4,4.3.2,VARIATION IN ATOMIC AND IONIC SIZES OF TRANSITION METALS
Chemistry,Class 11,D And F Block.pdf,4,4.3.3,IONISATION ENTHALPIES
Chemistry,Class 11,D And F Block.pdf,4,4.3.4,OXIDATION STATES
Chemistry,Class 11,D And F Block.pdf,4,4.3.5,TRENDS IN THE M2+/M STANDARD ELECTRODE POTENTIALS
Chemistry,Class 11,D And F Block.pdf,4,4.3.6,TRENDS IN THE M3+/M2+ STANDARD ELECTRODE POTENTIALS
Chemistry,Class 11,D And F Block.pdf,4,4.3.7,TRENDS IN STABILITY OF HIGHER OXIDATION STATES
Chemistry,Class 11,D And F Block.pdf,4,4.3.8,MAGNETIC PROPERTIES
Chemistry,Class 11,D And F Block.pdf,4,4.3.9,FORMATION OF COLOURED IONS
Chemistry,Class 11,D And F Block.pdf,4,4.3.10,FORMATION OF COMPLEX COMPOUNDS
Chemistry,Class 11,D And F Block.pdf,4,4.3.11,CATALYTIC PROPERTIES
Chemistry,Class 11,D And F Block.pdf,4,4.3.12,FORMATION OF INTERSTITIAL COMPOUNDS
Chemistry,Class 11,D And F Block.pdf,4,4.3.13,ALLOY FORMATION
Chemistry,Class 11,D And F Block.pdf,4,4.4,SOME IMPORTANT COMPOUNDS OF TRANSITION ELEMENTS
Chemistry,Class 11,D And F Block.pdf,4,4.4.1,OXIDES AND OXOANIONS OF METALS
Chemistry,Class 11,D And F Block.pdf,4,4.5,THE INNER TRANSITION ELEMENTS (F-BLOCK)
Chemistry,Class 11,D And F Block.pdf,4,4.5.1,ELECTRONIC CONFIGURATIONS
Chemistry,Class 11,D And F Block.pdf,4,4.5.2,ATOMIC AND IONIC SIZES
Chemistry,Class 11,D And F Block.pdf,4,4.5.3,OXIDATION STATES
Chemistry,Class 11,D And F Block.pdf,4,4.5.4,GENERAL CHARACTERISTICS
Chemistry,Class 11,D And F Block.pdf,4,4.5.5,COLOUR
Chemistry,Class 11,D And F Block.pdf,4,4.5.6,MAGNETIC PROPERTIES
Chemistry,Class 11,D And F Block.pdf,4,4.5.7,IONIC RADII
Chemistry,Class 11,D And F Block.pdf,4,4.5.8,IONISATION ENTHALPIES
Chemistry,Class 11,D And F Block.pdf,4,4.5.9,REDOX PROPERTIES
Chemistry,Class 11,D And F Block.pdf,4,4.5.10,CHEMICAL REACTIVITY
Chemistry,Class 11,D And F Block.pdf,4,4.5.11,LANTHANOID CONTRACTION AND ITS CONSEQUENCES
Chemistry,Class 11,D And F Block.pdf,4,4.6,THE ACTINOIDS
Chemistry,Class 11,D And F Block.pdf,4,4.6.1,ELECTRONIC CONFIGURATIONS
Chemistry,Class 11,D And F Block.pdf,4,4.6.2,IONIC SIZES
Chemistry,Class 11,D And F Block.pdf,4,4.6.3,OXIDATION STATES
Chemistry,Class 11,D And F Block.pdf,4,4.6.4,GENERAL CHARACTERISTICS AND COMPARISON WITH LANTHANOIDS
Chemistry,Class 11,D And F Block.pdf,4,4.7,SOME APPLICATIONS OF D- AND F-BLOCK ELEMENTS
Chemistry,Class 11,Electrochemistry.pdf,2,2.1,ELECTROCHEMICAL CELLS
Chemistry,Class 11,Electrochemistry.pdf,2,2.2,GALVANIC CELLS
Chemistry,Class 11,Electrochemistry.pdf,2,2.2.1,MEASUREMENT OF ELECTRODE POTENTIAL
Chemistry,Class 11,Electrochemistry.pdf,2,2.3,NERNST EQUATION
Chemistry,Class 11,Electrochemistry.pdf,2,2.3.1,EQUILIBRIUM CONSTANT FROM NERNST EQUATION
Chemistry,Class 11,Electrochemistry.pdf,2,2.3.2,ELECTROCHEMICAL CELL AND GIBBS ENERGY OF THE REACTION
Chemistry,Class 11,Electrochemistry.pdf,2,2.4,CONDUCTANCE OF ELECTROLYTIC SOLUTIONS
Chemistry,Class 11,Electrochemistry.pdf,2,2.4.1,MEASUREMENT OF THE CONDUCTIVITY OF IONIC SOLUTIONS
Chemistry,Class 11,Electrochemistry.pdf,2,2.4.2,VARIATION OF CONDUCTIVITY AND MOLAR CONDUCTIVITY WITH CONCENTRATION
Chemistry,Class 11,Electrochemistry.pdf,2,2.5,ELECTROLYTIC CELLS AND ELECTROLYSIS
Chemistry,Class 11,Electrochemistry.pdf,2,2.5.1,PRODUCTS OF ELECTROLYSIS
Chemistry,Class 11,Electrochemistry.pdf,2,2.6,BATTERIES
Chemistry,Class 11,Electrochemistry.pdf,2,2.6.1,PRIMARY BATTERIES
Chemistry,Class 11,Electrochemistry.pdf,2,2.6.2,SECONDARY BATTERIES
Chemistry,Class 11,Electrochemistry.pdf,2,2.7,FUEL CELLS
Chemistry,Class 11,Electrochemistry.pdf,2,2.8,CORROSION
Chemistry,Class 11,Haloalkanes And Haloarenes.pdf,6,6.1,CLASSIFICATION
Chemistry,Class 11,Haloalkanes And Haloarenes.pdf,6,6.1.1,ON THE BASIS OF NUMBER OF HALOGEN ATOMS
Chemistry,Class 11,Haloalkanes And Haloarenes.pdf,6,6.1.2,COMPOUNDS CONTAINING SP3 C—X BOND (X= F CL BR I)
Chemistry,Class 11,Haloalkanes And Haloarenes.pdf,6,6.1.3,COMPOUNDS CONTAINING SP2 C—X BOND
Chemistry,Class 11,Haloalkanes And Haloarenes.pdf,6,6.2,NOMENCLATURE
Chemistry,Class 11,Haloalkanes And Haloarenes.pdf,6,6.3,NATURE OF C-X BOND
Chemistry,Class 11,Haloalkanes And Haloarenes.pdf,6,6.4,METHODS OF PREPARATION OF HALOALKANES
Chemistry,Class 11,Haloalkanes And Haloarenes.pdf,6,6.4.1,FROM ALCOHOLS
Chemistry,Class 11,Haloalkanes And Haloarenes.pdf,6,6.4.2,FROM HYDROCARBONS
Chemistry,Class 11,Haloalkanes And Haloarenes.pdf,6,6.4.3,HALOGEN EXCHANGE
Chemistry,Class 11,Haloalkanes And Haloarenes.pdf,6,6.5,PREPARATION OF HALOARENES
Chemistry,Class 11,Haloalkanes And Haloarenes.pdf,6,6.6,PHYSICAL PROPERTIES
Chemistry,Class 11,Haloalkanes And Haloarenes.pdf,6,6.7,CHEMICAL REACTIONS
Chemistry,Class 11,Haloalkanes And Haloarenes.pdf,6,6.7.1,REACTIONS OF HALOALKANES
Chemistry,Class 11,Haloalkanes And Haloarenes.pdf,6,6.7.2,REACTIONS OF HALOARENES
Chemistry,Class 11,Haloalkanes And Haloarenes.pdf,6,6.8,POLYHALOGEN COMPOUNDS
Chemistry,Class 11,Solutions.pdf,1,1.1,TYPES OF SOLUTIONS
Chemistry,Class 11,Solutions.pdf,1,1.2,EXPRESSING CONCENTRATION OF SOLUTIONS
Chemistry,Class 11,Solutions.pdf,1,1.3,SOLUBILITY
Chemistry,Class 11,Solutions.pdf,1,1.3.1,SOLUBILITY OF A SOLID IN A LIQUID
Chemistry,Class 11,Solutions.pdf,1,1.3.2,SOLUBILITY OF A GAS IN A LIQUID
Chemistry,Class 11,Solutions.pdf,1,1.4,VAPOUR PRESSURE OF LIQUID SOLUTIONS
Chemistry,Class 11,Solutions.pdf,1,1.4.1,VAPOUR PRESSURE OF LIQUID-LIQUID SOLUTIONS
Chemistry,Class 11,Solutions.pdf,1,1.4.2,RAOULT’S LAW AS A SPECIAL CASE OF HENRY’S LAW
Chemistry,Class 11,Solutions.pdf,1,1.4.3,VAPOUR PRESSURE OF SOLUTIONS OF SOLIDS IN LIQUIDS
Chemistry,Class 11,Solutions.pdf,1,1.5,IDEAL AND NON-IDEAL SOLUTIONS
Chemistry,Class 11,Solutions.pdf,1,1.5.1,IDEAL SOLUTIONS
Chemistry,Class 11,Solutions.pdf,1,1.5.2,NON-IDEAL SOLUTIONS
Chemistry,Class 11,Solutions.pdf,1,1.6,COLLIGATIVE PROPERTIES AND DETERMINATION OF MOLAR MASS
Chemistry,Class 11,Solutions.pdf,1,1.6.1,RELATIVE LOWERING OF VAPOUR PRESSURE
Chemistry,Class 11,Solutions.pdf,1,1.6.2,ELEVATION OF BOILING POINT
Chemistry,Class 11,Solutions.pdf,1,1.6.3,DEPRESSION OF FREEZING POINT
Chemistry,Class 11,Solutions.pdf,1,1.6.4,OSMOSIS AND OSMOTIC PRESSURE
Chemistry,Class 11,Solutions.pdf,1,1.6.5,REVERSE OSMOSIS AND WATER PURIFICATION
Chemistry,Class 11,Solutions.pdf,1,1.7,ABNORMAL MOLAR MASSES
Mathematics,Class 11,Binomial Theorem.pdf,7,7.1,Introduction
Mathematics,Class 11,Binomial Theorem.pdf,7,7.2,Binomial Theorem for Positive Integral Indices
Mathematics,Class 11,Complex Numbers And Quadratic Equations.pdf,4,4.1,Introduction
Mathematics,Class 11,Complex Numbers And Quadratic Equations.pdf,4,4.2,Complex Numbers
Mathematics,Class 11,Complex Numbers And Quadratic Equations.pdf,4,4.3,Algebra of Complex Numbers
Mathematics,Class 11,Complex Numbers And Quadratic Equations.pdf,4,4.3.1,Addition of two complex numbers
Mathematics,Class 11,Complex Numbers And Quadratic Equations.pdf,4,4.3.2,Difference of two complex numbers
Mathematics,Class 11,Complex Numbers And Quadratic Equations.pdf,4,4.3.3,Multiplication of two complex numbers
Mathematics,Class 11,Complex Numbers And Quadratic Equations.pdf,4,4.3.4,Division of two complex numbers
Mathematics,Class 11,Complex Numbers And Quadratic Equations.pdf,4,4.3.5,Power of i
Mathematics,Class 11,Complex Numbers And Quadratic Equations.pdf,4,4.3.6,The square roots of a negative real number
Mathematics,Class 11,Complex Numbers And Quadratic Equations.pdf,4,4.3.7,Identities
Mathematics,Class 11,Complex Numbers And Quadratic Equations.pdf,4,4.4,The Modulus and the Conjugate of a Complex Number
Mathematics,Class 11,Complex Numbers And Quadratic Equations.pdf,4,4.5,Argand Plane and Polar Representation
Mathematics,Class 11,Conic Sections.pdf,10,10.1,Introduction
Mathematics,Class 11,Conic Sections.pdf,10,10.2,Sections of a Cone
Mathematics,Class 11,Conic Sections.pdf,10,10.2.1,Circle ellipse parabola and hyperbola
Mathematics,Class 11,Conic Sections.pdf,10,10.2.2,Degenerated conic sections
Mathematics,Class 11,Conic Sections.pdf,10,10.3,Circle
Mathematics,Class 11,Conic Sections.pdf,10,10.4,Parabola
Mathematics,Class 11,Conic Sections.pdf,10,10.4.1,Standard equations of parabola
Mathematics,Class 11,Conic Sections.pdf,10,10.4.2,Latus rectum
Mathematics,Class 11,Conic Sections.pdf,10,10.5,Ellipse
Mathematics,Class 11,Conic Sections.pdf,10,10.5.1,Relationship between semi-major axis semi-minor axis and the distance of the focus from the centre of the ellipse
Mathematics,Class 11,Conic Sections.pdf,10,10.5.2,Eccentricity
Mathematics,Class 11,Conic Sections.pdf,10,10.5.3,Standard equations of an ellipse
Mathematics,Class 11,Conic Sections.pdf,10,10.5.4,Latus rectum
Mathematics,Class 11,Conic Sections.pdf,10,10.6,Hyperbola
Mathematics,Class 11,Conic Sections.pdf,10,10.6.1,Eccentricity
Mathematics,Class 11,Conic Sections.pdf,10,10.6.2,Standard equation of Hyperbola
Mathematics,Class 11,Conic Sections.pdf,10,10.6.3,Latus rectum
Mathematics,Class 11,Introduction to Three Dimensional Geometry.pdf,11,11.1,Introduction
Mathematics,Class 11,Introduction to Three Dimensional Geometry.pdf,11,11.2,Coordinate Axes and Coordinate Planes in Three Dimensional Space
Mathematics,Class 11,Introduction to Three Dimensional Geometry.pdf,11,11.3,Coordinates of a Point in Space
Mathematics,Class 11,Introduction to Three Dimensional Geometry.pdf,11,11.4,Distance between Two Points
Mathematics,Class 11,Limits And Derivatives.pdf,12,12.1,Introduction
Mathematics,Class 11,Limits And Derivatives.pdf,12,12.2,Intuitive Idea of Derivatives
Mathematics,Class 11,Limits And Derivatives.pdf,12,12.3,Limits
Mathematics,Class 11,Limits And Derivatives.pdf,12,12.3.1,Algebra of limits
Mathematics,Class 11,Limits And Derivatives.pdf,12,12.3.2,Limits of polynomials and rational functions
Mathematics,Class 11,Limits And Derivatives.pdf,12,12.4,Limits of Trigonometric Functions
Mathematics,Class 11,Limits And Derivatives.pdf,12,12.5,Derivatives
Mathematics,Class 11,Linear Inequalities.pdf,5,5.1,Introduction
Mathematics,Class 11,Linear Inequalities.pdf,5,5.2,Inequalities
Mathematics,Class 11,Linear Inequalities.pdf,5,5.3,Algebraic Solutions of Linear Inequalities in One Variable and their Graphical Representation
Mathematics,Class 11,Permutations And Combinations.pdf,6,6.1,Introduction
Mathematics,Class 11,Permutations And Combinations.pdf,6,6.2,Fundamental Principle of Counting
Mathematics,Class 11,Permutations And Combinations.pdf,6,6.3,Permutations
Mathematics,Class 11,Permutations And Combinations.pdf,6,6.3.1,Permutations when all the objects are distinct
Mathematics,Class 11,Permutations And Combinations.pdf,6,6.3.2,Factorial notation
Mathematics,Class 11,Permutations And Combinations.pdf,6,6.3.3,Derivation of the formula for nPr
Mathematics,Class 11,Permutations And Combinations.pdf,6,6.3.4,Permutations when all the objects are not distinct objects
Mathematics,Class 11,Permutations And Combinations.pdf,6,6.4,Combinations
Mathematics,Class 11,Probability.pdf,14,14.1,Event
Mathematics,Class 11,Probability.pdf,14,14.1.1,Occurrence of an event
Mathematics,Class 11,Probability.pdf,14,14.1.2,Types of events
Mathematics,Class 11,Probability.pdf,14,14.1.3,Algebra of events
Mathematics,Class 11,Probability.pdf,14,14.1.4,Mutually exclusive events
Mathematics,Class 11,Probability.pdf,14,14.1.5,Exhaustive events
Mathematics,Class 11,Probability.pdf,14,14.2,Axiomatic Approach to Probability
Mathematics,Class 11,Probability.pdf,14,14.2.1,Probability of an event
Mathematics,Class 11,Probability.pdf,14,14.2.2,Probabilities of equally likely outcomes
Mathematics,Class 11,Probability.pdf,14,14.2.3,Probability of the event ‘A or B’
Mathematics,Class 11,Probability.pdf,14,14.2.4,Probability of event ‘not A’
Mathematics,Class 11,Relations And Functions.pdf,2,2.1,Introduction
Mathematics,Class 11,Relations And Functions.pdf,2,2.2,Cartesian Products of Sets
Mathematics,Class 11,Relations And Functions.pdf,2,2.3,Relations
Mathematics,Class 11,Relations And Functions.pdf,2,2.4,Functions
Mathematics,Class 11,Relations And Functions.pdf,2,2.4.1,Some functions and their graphs
Mathematics,Class 11,Relations And Functions.pdf,2,2.4.2,Algebra of real functions
Mathematics,Class 11,Sequences And Series.pdf,8,8.1,Introduction
Mathematics,Class 11,Sequences And Series.pdf,8,8.2,Sequences
Mathematics,Class 11,Sequences And Series.pdf,8,8.3,Series
Mathematics,Class 11,Sequences And Series.pdf,8,8.4,Geometric Progression (G. P.)
Mathematics,Class 11,Sequences And Series.pdf,8,8.4.1,General term of a G.P.
Mathematics,Class 11,Sequences And Series.pdf,8,8.4.2,Sum to n terms of a G.P.
Mathematics,Class 11,Sequences And Series.pdf,8,8.4.3,Geometric Mean (G.M.)
Mathematics,Class 11,Sequences And Series.pdf,8,8.5,Relationship Between A.M. and G.M.
Mathematics,Class 11,Sets.pdf,1,1.1,Introduction
Mathematics,Class 11,Sets.pdf,1,1.2,Sets and their Representations
Mathematics,Class 11,Sets.pdf,1,1.3,The Empty Set
Mathematics,Class 11,Sets.pdf,1,1.4,Finite and Infinite Sets
Mathematics,Class 11,Sets.pdf,1,1.5,Equal Sets
Mathematics,Class 11,Sets.pdf,1,1.6,Subsets
Mathematics,Class 11,Sets.pdf,1,1.6.1,Subsets of set of real numbers
Mathematics,Class 11,Sets.pdf,1,1.6.2,Intervals as subsets of R
Mathematics,Class 11,Sets.pdf,1,1.7,Universal Set
Mathematics,Class 11,Sets.pdf,1,1.8,Venn Diagrams
Mathematics,Class 11,Sets.pdf,1,1.9,Operations on Sets
Mathematics,Class 11,Sets.pdf,1,1.9.1,Union of sets
Mathematics,Class 11,Sets.pdf,1,1.9.2,Intersection of sets
Mathematics,Class 11,Sets.pdf,1,1.9.3,Difference of sets
Mathematics,Class 11,Sets.pdf,1,1.10,Complement of a Set
Mathematics,Class 11,Statistics.pdf,13,13.1,Introduction
Mathematics,Class 11,Statistics.pdf,13,13.2,Measures of Dispersion
Mathematics,Class 11,Statistics.pdf,13,13.3,Range
Mathematics,Class 11,Statistics.pdf,13,13.4,Mean Deviation
Mathematics,Class 11,Statistics.pdf,13,13.4.1,Mean deviation for ungrouped data
Mathematics,Class 11,Statistics.pdf,13,13.4.2,Mean deviation for grouped data
Mathematics,Class 11,Statistics.pdf,13,13.4.3,Limitations of mean deviation
Mathematics,Class 11,Statistics.pdf,13,13.5,Variance and Standard Deviation
Mathematics,Class 11,Statistics.pdf,13,13.5.1,Standard Deviation
Mathematics,Class 11,Statistics.pdf,13,13.5.2,Standard deviation of a discrete frequency distribution
Mathematics,Class 11,Statistics.pdf,13,13.5.3,Standard deviation of a continuous frequency distribution
Mathematics,Class 11,Statistics.pdf,13,13.5.4,Shortcut method to find variance and standard deviation
Mathematics,Class 11,Straight Lines.pdf,9,9.1,Introduction
Mathematics,Class 11,Straight Lines.pdf,9,9.2,Slope of a Line
Mathematics,Class 11,Straight Lines.pdf,9,9.2.1,Slope of a line when coordinates of any two points on the line are given
Mathematics,Class 11,Straight Lines.pdf,9,9.2.2,Conditions for parallelism and perpendicularity of lines in terms of their slopes
Mathematics,Class 11,Straight Lines.pdf,9,9.2.3,Angle between two lines
Mathematics,Class 11,Straight Lines.pdf,9,9.3,Various Forms of the Equation of a Line
Mathematics,Class 11,Straight Lines.pdf,9,9.3.1,Horizontal and vertical lines
Mathematics,Class 11,Straight Lines.pdf,9,9.3.2,Point-slope form
Mathematics,Class 11,Straight Lines.pdf,9,9.3.3,Two-point form
Mathematics,Class 11,Straight Lines.pdf,9,9.3.4,Slope-intercept form
Mathematics,Class 11,Straight Lines.pdf,9,9.3.5,Intercept form
Mathematics,Class 11,Straight Lines.pdf,9,9.4,Distance of a Point From a Line
Mathematics,Class 11,Straight Lines.pdf,9,9.4.1,Distance between two parallel lines
Mathematics,Class 11,Trigonometric Functions.pdf,3,3.1,Introduction
Mathematics,Class 11,Trigonometric Functions.pdf,3,3.2,Angles
Mathematics,Class 11,Trigonometric Functions.pdf,3,3.2.1,Degree measure
Mathematics,Class 11,Trigonometric Functions.pdf,3,3.2.2,Radian measure
Mathematics,Class 11,Trigonometric Functions.pdf,3,3.2.3,Relation between radian and real numbers
Mathematics,Class 11,Trigonometric Functions.pdf,3,3.3,Trigonometric Functions
Mathematics,Class 11,Trigonometric Functions.pdf,3,3.3.1,Sign of trigonometric functions
Mathematics,Class 11,Trigonometric Functions.pdf,3,3.3.2,Domain and range of trigonometric functions
Mathematics,Class 11,Trigonometric Functions.pdf,3,3.4,Trigonometric Functions of Sum and Difference of Two Angles
Mathematics,Class 12,Application Of Derivatives.pdf,6,6.1,Introduction
Mathematics,Class 12,Application Of Derivatives.pdf,6,6.2,Rate of Change of Quantities
Mathematics,Class 12,Application Of Derivatives.pdf,6,6.3,Increasing and Decreasing Functions
Mathematics,Class 12,Application Of Derivatives.pdf,6,6.4,Maxima and Minima
Mathematics,Class 12,Application Of Derivatives.pdf,6,6.4.1,Maximum and Minimum Values of a Function in a Closed Interval
Mathematics,Class 12,Application Of Integrals.pdf,8,8.1,Introduction
Mathematics,Class 12,Application Of Integrals.pdf,8,8.2,Area under Simple Curves
Mathematics,Class 12,Contunuity And Differentiability.pdf,5,5.1,Introduction
Mathematics,Class 12,Contunuity And Differentiability.pdf,5,5.2,Continuity
Mathematics,Class 12,Contunuity And Differentiability.pdf,5,5.2.1,Algebra of continuous functions
Mathematics,Class 12,Contunuity And Differentiability.pdf,5,5.3,Differentiability
Mathematics,Class 12,Contunuity And Differentiability.pdf,5,5.3.1,Derivatives of composite functions
Mathematics,Class 12,Contunuity And Differentiability.pdf,5,5.3.2,Derivatives of implicit functions
Mathematics,Class 12,Contunuity And Differentiability.pdf,5,5.3.3,Derivatives of inverse trigonometric functions
Mathematics,Class 12,Contunuity And Differentiability.pdf,5,5.4,Exponential and Logarithmic Functions
Mathematics,Class 12,Contunuity And Differentiability.pdf,5,5.5,Logarithmic Differentiation
Mathematics,Class 12,Contunuity And Differentiability.pdf,5,5.6,Derivatives of Functions in Parametric Forms
Mathematics,Class 12,Contunuity And Differentiability.pdf,5,5.7,Second Order Derivative
Mathematics,Class 12,Contunuity And Differentiability.pdf,5,5.8,Mean Value Theorem
Mathematics,Class 12,Determinants.pdf,4,4.1,Introduction
Mathematics,Class 12,Determinants.pdf,4,4.2,Determinant
Mathematics,Class 12,Determinants.pdf,4,4.2.1,Determinant of a matrix of order one
Mathematics,Class 12,Determinants.pdf,4,4.2.2,Determinant of a matrix of order two
Mathematics,Class 12,Determinants.pdf,4,4.2.3,Determinant of a matrix of order 3×3
Mathematics,Class 12,Determinants.pdf,4,4.3,Area of a Triangle
Mathematics,Class 12,Determinants.pdf,4,4.4,Minors and Cofactors
Mathematics,Class 12,Determinants.pdf,4,4.5,Adjoint and Inverse of a Matrix
Mathematics,Class 12,Determinants.pdf,4,4.5.1,Adjoint of a matrix
Mathematics,Class 12,Determinants.pdf,4,4.6,Applications of Determinants and Matrices
Mathematics,Class 12,Determinants.pdf,4,4.6.1,Solution of system of linear equations using inverse of a matrix
Mathematics,Class 12,Differential Equations.pdf,9,9.1,Introduction
Mathematics,Class 12,Differential Equations.pdf,9,9.2,Basic Concepts
Mathematics,Class 12,Differential Equations.pdf,9,9.2.1,Order of a differential equation
Mathematics,Class 12,Differential Equations.pdf,9,9.2.2,Degree of a differential equation
Mathematics,Class 12,Differential Equations.pdf,9,9.3,General and Particular Solutions of a Differential Equation
Mathematics,Class 12,Differential Equations.pdf,9,9.4,Methods of Solving First Order First Degree Differential Equations
Mathematics,Class 12,Differential Equations.pdf,9,9.4.1,Differential equations with variables separable
Mathematics,Class 12,Differential Equations.pdf,9,9.4.2,Homogeneous differential equations
Mathematics,Class 12,Differential Equations.pdf,9,9.4.3,Linear differential equations
Mathematics,Class 12,Infinite Series.pdf,69,69.1.1,Introduction
Mathematics,Class 12,Infinite Series.pdf,69,69.1.2,Binomial Theorem for any Index
Mathematics,Class 12,Infinite Series.pdf,69,69.1.3,Infinite Geometric Series
Mathematics,Class 12,Infinite Series.pdf,69,69.1.4,Exponential Series
Mathematics,Class 12,Infinite Series.pdf,69,69.1.5,Logarithmic Series
Mathematics,Class 12,Integrals.pdf,7,7.1,Introduction
Mathematics,Class 12,Integrals.pdf,7,7.2,Integration as an Inverse Process of Differentiation
Mathematics,Class 12,Integrals.pdf,7,7.2.1,Some properties of indefinite integral
Mathematics,Class 12,Integrals.pdf,7,7.3,Methods of Integration
Mathematics,Class 12,Integrals.pdf,7,7.3.1,Integration by substitution
Mathematics,Class 12,Integrals.pdf,7,7.3.2,Integration using trigonometric identities
Mathematics,Class 12,Integrals.pdf,7,7.4,Integrals of Some Particular Functions
Mathematics,Class 12,Integrals.pdf,7,7.5,Integration by Partial Fractions
Mathematics,Class 12,Integrals.pdf,7,7.6,Integration by Parts
Mathematics,Class 12,Integrals.pdf,7,7.6.1,Integral of the type ∫ e^x [f(x) + f'(x)] dx
Mathematics,Class 12,Integrals.pdf,7,7.7,Definite Integral
Mathematics,Class 12,Integrals.pdf,7,7.7.1,Definite integral as the limit of a sum
Mathematics,Class 12,Integrals.pdf,7,7.8,Fundamental Theorem of Calculus
Mathematics,Class 12,Integrals.pdf,7,7.8.1,Area function
Mathematics,Class 12,Integrals.pdf,7,7.8.2,First fundamental theorem of integral calculus
Mathematics,Class 12,Integrals.pdf,7,7.8.3,Second fundamental theorem of integral calculus
Mathematics,Class 12,Integrals.pdf,7,7.9,Evaluation of Definite Integrals by Substitution
Mathematics,Class 12,Integrals.pdf,7,7.10,Some Properties of Definite Integrals
Mathematics,Class 12,Inverse Trigonometric Functions.pdf,2,2.1,Introduction
Mathematics,Class 12,Inverse Trigonometric Functions.pdf,2,2.2,Basic Concepts
Mathematics,Class 12,Inverse Trigonometric Functions.pdf,2,2.3,Properties of Inverse Trigonometric Functions
Mathematics,Class 12,Linear Programming.pdf,12,12.1,Introduction
Mathematics,Class 12,Linear Programming.pdf,12,12.2,Linear Programming Problem and its Mathematical Formulation
Mathematics,Class 12,Linear Programming.pdf,12,12.2.1,Mathematical formulation of the problem
Mathematics,Class 12,Linear Programming.pdf,12,12.2.2,Graphical method of solving linear programming problems
Mathematics,Class 12,Matrices.pdf,3,3.1,Introduction
Mathematics,Class 12,Matrices.pdf,3,3.2,Matrix
Mathematics,Class 12,Matrices.pdf,3,3.2.1,Order of a matrix
Mathematics,Class 12,Matrices.pdf,3,3.3,Types of Matrices
Mathematics,Class 12,Matrices.pdf,3,3.3.1,Equality of matrices
Mathematics,Class 12,Matrices.pdf,3,3.4,Operations on Matrices
Mathematics,Class 12,Matrices.pdf,3,3.4.1,Addition of matrices
Mathematics,Class 12,Matrices.pdf,3,3.4.2,Multiplication of a matrix by a scalar
Mathematics,Class 12,Matrices.pdf,3,3.4.3,Properties of matrix addition
Mathematics,Class 12,Matrices.pdf,3,3.4.4,Properties of scalar multiplication of a matrix
Mathematics,Class 12,Matrices.pdf,3,3.4.5,Multiplication of matrices
Mathematics,Class 12,Matrices.pdf,3,3.4.6,Properties of multiplication of matrices
Mathematics,Class 12,Probability.pdf,13,13.1,Introduction
Mathematics,Class 12,Probability.pdf,13,13.2,Conditional Probability
Mathematics,Class 12,Probability.pdf,13,13.2.1,Properties of conditional probability
Mathematics,Class 12,Probability.pdf,13,13.3,Multiplication Theorem on Probability
Mathematics,Class 12,Probability.pdf,13,13.4,Independent Events
Mathematics,Class 12,Probability.pdf,13,13.5,Bayes' Theorem
Mathematics,Class 12,Probability.pdf,13,13.5.1,Partition of a sample space
Mathematics,Class 12,Probability.pdf,13,13.5.2,Theorem of total probability
Mathematics,Class 12,Probability.pdf,13,13.6,Random Variables and its Probability Distributions
Mathematics,Class 12,Probability.pdf,13,13.6.1,Probability distribution of a random variable
Mathematics,Class 12,Probability.pdf,13,13.6.2,Mean of a random variable
Mathematics,Class 12,Probability.pdf,13,13.6.3,Variance of a random variable
Mathematics,Class 12,Probability.pdf,13,13.7,Bernoulli Trials and Binomial Distribution
Mathematics,Class 12,Probability.pdf,13,13.7.1,Bernoulli trials
Mathematics,Class 12,Probability.pdf,13,13.7.2,Binomial distribution
Mathematics,Class 12,Proofs In Mathematics.pdf,69,69.1.1,Introduction
Mathematics,Class 12,Proofs In Mathematics.pdf,69,69.1.2,What is a Proof?
Mathematics,Class 11,Relations And Functions.pdf,1,1.1,Introduction
Mathematics,Class 11,Relations And Functions.pdf,1,1.2,Types of Relations
Mathematics,Class 11,Relations And Functions.pdf,1,1.3,Types of Functions
Mathematics,Class 11,Relations And Functions.pdf,1,1.4,Composition of Functions and Invertible Function
Mathematics,Class 11,Relations And Functions.pdf,1,1.5,Binary Operations
Mathematics,Class 12,Three Dimensional Geometry.pdf,11,11.1,Introduction
Mathematics,Class 12,Three Dimensional Geometry.pdf,11,11.2,Direction Cosines and Direction Ratios of a Line
Mathematics,Class 12,Three Dimensional Geometry.pdf,11,11.2.1,Relation between the direction cosines of a line
Mathematics,Class 12,Three Dimensional Geometry.pdf,11,11.2.2,Direction cosines of a line passing through two points
Mathematics,Class 12,Three Dimensional Geometry.pdf,11,11.3,Equation of a Line in Space
Mathematics,Class 12,Three Dimensional Geometry.pdf,11,11.3.1,Equation of a line through a given point and parallel to a given vector
Mathematics,Class 12,Three Dimensional Geometry.pdf,11,11.3.2,Equation of a line passing through two given points
Mathematics,Class 12,Three Dimensional Geometry.pdf,11,11.4,Angle between Two Lines
Mathematics,Class 12,Three Dimensional Geometry.pdf,11,11.5,Shortest Distance between Two Lines
Mathematics,Class 12,Three Dimensional Geometry.pdf,11,11.5.1,Distance between two skew lines
Mathematics,Class 12,Three Dimensional Geometry.pdf,11,11.5.2,Distance between two parallel lines
Mathematics,Class 12,Three Dimensional Geometry.pdf,11,11.6,Plane
Mathematics,Class 12,Three Dimensional Geometry.pdf,11,11.6.1,Equation of a plane in normal form
Mathematics,Class 12,Three Dimensional Geometry.pdf,11,11.6.2,Equation of a plane perpendicular to a given vector and passing through a given point
Mathematics,Class 12,Three Dimensional Geometry.pdf,11,11.6.3,Equation of a plane passing through three non collinear points
Mathematics,Class 12,Three Dimensional Geometry.pdf,11,11.6.4,Intercept form of the equation of a plane
Mathematics,Class 12,Three Dimensional Geometry.pdf,11,11.6.5,Plane passing through the intersection of two given planes
Mathematics,Class 12,Three Dimensional Geometry.pdf,11,11.7,Coplanarity of Two Lines
Mathematics,Class 12,Three Dimensional Geometry.pdf,11,11.8,Angle between Two Planes
Mathematics,Class 12,Three Dimensional Geometry.pdf,11,11.9,Distance of a Point from a Plane
Mathematics,Class 12,Three Dimensional Geometry.pdf,11,11.10,Angle between a Line and a Plane
Mathematics,Class 12,Vector Algebra.pdf,10,10.1,Introduction
Mathematics,Class 12,Vector Algebra.pdf,10,10.2,Some Basic Concepts
Mathematics,Class 12,Vector Algebra.pdf,10,10.3,Types of Vectors
Mathematics,Class 12,Vector Algebra.pdf,10,10.4,Addition of Vectors
Mathematics,Class 12,Vector Algebra.pdf,10,10.5,Multiplication of a Vector by a Scalar
Mathematics,Class 12,Vector Algebra.pdf,10,10.5.1,Components of a vector
Mathematics,Class 12,Vector Algebra.pdf,10,10.5.2,Vector joining two points
Mathematics,Class 12,Vector Algebra.pdf,10,10.5.3,Section formula
Mathematics,Class 12,Vector Algebra.pdf,10,10.6,Product of Two Vectors
Mathematics,Class 12,Vector Algebra.pdf,10,10.6.1,Scalar (or dot) product of two vectors
Mathematics,Class 12,Vector Algebra.pdf,10,10.6.2,Projection of a vector on a line
Mathematics,Class 12,Vector Algebra.pdf,10,10.6.3,Vector (or cross) product of two vectors
Physics,Class 11,Gravitation.pdf,7,7.1,Introduction
Physics,Class 11,Gravitation.pdf,7,7.2,Kepler's laws
Physics,Class 11,Gravitation.pdf,7,7.3,Universal law of gravitation
Physics,Class 11,Gravitation.pdf,7,7.4,The gravitational constant
Physics,Class 11,Gravitation.pdf,7,7.5,Acceleration due to gravity of the earth
Physics,Class 11,Gravitation.pdf,7,7.6,Acceleration due to gravity below and above the surface of earth
Physics,Class 11,Gravitation.pdf,7,7.7,Gravitational potential energy
Physics,Class 11,Gravitation.pdf,7,7.8,Escape speed
Physics,Class 11,Gravitation.pdf,7,7.9,Earth satellites
Physics,Class 11,Gravitation.pdf,7,7.10,Energy of an orbiting satellite
Physics,Class 11,Kinetic Theory.pdf,12,12.1,INTRODUCTION
Physics,Class 11,Kinetic Theory.pdf,12,12.2,MOLECULAR NATURE OF MATTER
Physics,Class 11,Kinetic Theory.pdf,12,12.3,BEHAVIOUR OF GASES
Physics,Class 11,Kinetic Theory.pdf,12,12.4,KINETIC THEORY OF AN IDEAL GAS
Physics,Class 11,Kinetic Theory.pdf,12,12.4.1,Pressure of an Ideal Gas
Physics,Class 11,Kinetic Theory.pdf,12,12.4.2,Kinetic Interpretation of Temperature
Physics,Class 11,Kinetic Theory.pdf,12,12.5,LAW OF EQUIPARTITION OF ENERGY
Physics,Class 11,Kinetic Theory.pdf,12,12.6,SPECIFIC HEAT CAPACITY
Physics,Class 11,Kinetic Theory.pdf,12,12.6.1,Monatomic Gases
Physics,Class 11,Kinetic Theory.pdf,12,12.6.2,Diatomic Gases
Physics,Class 11,Kinetic Theory.pdf,12,12.6.3,Polyatomic Gases
Physics,Class 11,Kinetic Theory.pdf,12,12.6.4,Specific Heat Capacity of Solids
Physics,Class 11,Kinetic Theory.pdf,12,12.6.5,Specific Heat Capacity of Water
Physics,Class 11,Kinetic Theory.pdf,12,12.7,MEAN FREE PATH
Physics,Class 11,Laws Of Motion.pdf,4,4.1,INTRODUCTION
Physics,Class 11,Laws Of Motion.pdf,4,4.2,ARISTOTLE'S FALLACY
Physics,Class 11,Laws Of Motion.pdf,4,4.3,THE LAW OF INERTIA
Physics,Class 11,Laws Of Motion.pdf,4,4.4,NEWTON’S FIRST LAW OF MOTION
Physics,Class 11,Laws Of Motion.pdf,4,4.5,NEWTON’S SECOND LAW OF MOTION
Physics,Class 11,Laws Of Motion.pdf,4,4.6,NEWTON’S THIRD LAW OF MOTION
Physics,Class 11,Laws Of Motion.pdf,4,4.7,CONSERVATION OF MOMENTUM
Physics,Class 11,Laws Of Motion.pdf,4,4.8,EQUILIBRIUM OF A PARTICLE
Physics,Class 11,Laws Of Motion.pdf,4,4.9,COMMON FORCES IN MECHANICS
Physics,Class 11,Laws Of Motion.pdf,4,4.10,CIRCULAR MOTION
Physics,Class 11,Laws Of Motion.pdf,4,4.11,SOLVING PROBLEMS IN MECHANICS
Physics,Class 11,Mechanical Properties Of Fluids.pdf,9,9.1,INTRODUCTION
Physics,Class 11,Mechanical Properties Of Fluids.pdf,9,9.2,PRESSURE
Physics,Class 11,Mechanical Properties Of Fluids.pdf,9,9.2.1,Pascal's Law
Physics,Class 11,Mechanical Properties Of Fluids.pdf,9,9.2.2,Variation of Pressure with Depth
Physics,Class 11,Mechanical Properties Of Fluids.pdf,9,9.2.3,Atmospheric Pressure and Gauge Pressure
Physics,Class 11,Mechanical Properties Of Fluids.pdf,9,9.2.4,Hydraulic Machines
Physics,Class 11,Mechanical Properties Of Fluids.pdf,9,9.3,STREAMLINE FLOW
Physics,Class 11,Mechanical Properties Of Fluids.pdf,9,9.4,BERNOULLI’S PRINCIPLE
Physics,Class 11,Mechanical Properties Of Fluids.pdf,9,9.4.1,Speed of Efflux: Torricelli's Law
Physics,Class 11,Mechanical Properties Of Fluids.pdf,9,9.4.2,Dynamic Lift
Physics,Class 11,Mechanical Properties Of Fluids.pdf,9,9.5,VISCOSITY
Physics,Class 11,Mechanical Properties Of Fluids.pdf,9,9.6,SURFACE TENSION
Physics,Class 11,Mechanical Properties Of Solids.pdf,8,8.1,INTRODUCTION
Physics,Class 11,Mechanical Properties Of Solids.pdf,8,8.2,STRESS AND STRAIN
Physics,Class 11,Mechanical Properties Of Solids.pdf,8,8.3,HOOKE'S LAW
Physics,Class 11,Mechanical Properties Of Solids.pdf,8,8.4,STRESS-STRAIN CURVE
Physics,Class 11,Mechanical Properties Of Solids.pdf,8,8.5,ELASTIC MODULI
Physics,Class 11,Mechanical Properties Of Solids.pdf,8,8.5.1,Young's Modulus
Physics,Class 11,Mechanical Properties Of Solids.pdf,8,8.5.2,Shear Modulus
Physics,Class 11,Mechanical Properties Of Solids.pdf,8,8.5.3,Bulk Modulus
Physics,Class 11,Mechanical Properties Of Solids.pdf,8,8.5.4,Poisson’s Ratio
Physics,Class 11,Mechanical Properties Of Solids.pdf,8,8.5.5,Elastic Potential Energy in a Stretched Wire
Physics,Class 11,Mechanical Properties Of Solids.pdf,8,8.6,APPLICATIONS OF ELASTIC BEHAVIOUR OF MATERIALS
Physics,Class 11,Motion In A Plane.pdf,3,3.1,INTRODUCTION
Physics,Class 11,Motion In A Plane.pdf,3,3.2,SCALARS AND VECTORS
Physics,Class 11,Motion In A Plane.pdf,3,3.2.1,Position and Displacement Vectors
Physics,Class 11,Motion In A Plane.pdf,3,3.2.2,Equality of Vectors
Physics,Class 11,Motion In A Plane.pdf,3,3.3,MULTIPLICATION OF VECTORS BY REAL NUMBERS
Physics,Class 11,Motion In A Plane.pdf,3,3.4,ADDITION AND SUBTRACTION OF VECTORS — GRAPHICAL METHOD
Physics,Class 11,Motion In A Plane.pdf,3,3.5,RESOLUTION OF VECTORS
Physics,Class 11,Motion In A Plane.pdf,3,3.6,VECTOR ADDITION — ANALYTICAL METHOD
Physics,Class 11,Motion In A Plane.pdf,3,3.7,MOTION IN A PLANE
Physics,Class 11,Motion In A Plane.pdf,3,3.7.1,Position Vector and Displacement
Physics,Class 11,Motion In A Plane.pdf,3,3.8,MOTION IN A PLANE WITH CONSTANT ACCELERATION
Physics,Class 11,Motion In A Plane.pdf,3,3.9,PROJECTILE MOTION
Physics,Class 11,Motion In A Plane.pdf,3,3.10,UNIFORM CIRCULAR MOTION
Physics,Class 11,Motion In A Straight Line.pdf,2,2.1,INTRODUCTION
Physics,Class 11,Motion In A Straight Line.pdf,2,2.2,INSTANTANEOUS VELOCITY AND SPEED
Physics,Class 11,Motion In A Straight Line.pdf,2,2.3,ACCELERATION
Physics,Class 11,Motion In A Straight Line.pdf,2,2.4,KINEMATIC EQUATIONS FOR UNIFORMLY ACCELERATED MOTION
Physics,Class 11,Motion In A Straight Line.pdf,2,2.5,RELATIVE VELOCITY
Physics,Class 11,Oscillations.pdf,13,13.1,INTRODUCTION
Physics,Class 11,Oscillations.pdf,13,13.2,PERIODIC AND OSCILLATORY MOTIONS
Physics,Class 11,Oscillations.pdf,13,13.2.1,Period and frequency
Physics,Class 11,Oscillations.pdf,13,13.2.2,Displacement
Physics,Class 11,Oscillations.pdf,13,13.3,SIMPLE HARMONIC MOTION
Physics,Class 11,Oscillations.pdf,13,13.4,SIMPLE HARMONIC MOTION AND UNIFORM CIRCULAR MOTION
Physics,Class 11,Oscillations.pdf,13,13.5,VELOCITY AND ACCELERATION IN SIMPLE HARMONIC MOTION
Physics,Class 11,Oscillations.pdf,13,13.6,FORCE LAW FOR SIMPLE HARMONIC MOTION
Physics,Class 11,Oscillations.pdf,13,13.7,ENERGY IN SIMPLE HARMONIC MOTION
Physics,Class 11,Oscillations.pdf,13,13.8,THE SIMPLE PENDULUM
Physics,Class 11,System Of Particles And Rotational Motion.pdf,6,6.1,Introduction
Physics,Class 11,System Of Particles And Rotational Motion.pdf,6,6.2,Centre of mass
Physics,Class 11,System Of Particles And Rotational Motion.pdf,6,6.3,Motion of centre of mass
Physics,Class 11,System Of Particles And Rotational Motion.pdf,6,6.4,Linear momentum of a system of particles
Physics,Class 11,System Of Particles And Rotational Motion.pdf,6,6.5,Vector product of two vectors
Physics,Class 11,System Of Particles And Rotational Motion.pdf,6,6.6,Angular velocity and its relation with linear velocity
Physics,Class 11,System Of Particles And Rotational Motion.pdf,6,6.7,Torque and angular momentum
Physics,Class 11,System Of Particles And Rotational Motion.pdf,6,6.8,Equilibrium of a rigid body
Physics,Class 11,System Of Particles And Rotational Motion.pdf,6,6.9,Moment of inertia
Physics,Class 11,System Of Particles And Rotational Motion.pdf,6,6.10,Kinematics of rotational motion about a fixed axis
Physics,Class 11,System Of Particles And Rotational Motion.pdf,6,6.11,Dynamics of rotational motion about a fixed axis
Physics,Class 11,System Of Particles And Rotational Motion.pdf,6,6.12,Angular momentum in case of rotation about a fixed axis
Physics,Class 11,Thermal Properties Of Matter.pdf,10,10.1,Introduction
Physics,Class 11,Thermal Properties Of Matter.pdf,10,10.2,Temperature and heat
Physics,Class 11,Thermal Properties Of Matter.pdf,10,10.3,Measurement of temperature
Physics,Class 11,Thermal Properties Of Matter.pdf,10,10.4,Ideal-gas equation and absolute temperature
Physics,Class 11,Thermal Properties Of Matter.pdf,10,10.5,Thermal expansion
Physics,Class 11,Thermal Properties Of Matter.pdf,10,10.6,Specific heat capacity
Physics,Class 11,Thermal Properties Of Matter.pdf,10,10.7,Calorimetry
Physics,Class 11,Thermal Properties Of Matter.pdf,10,10.8,Change of state
Physics,Class 11,Thermal Properties Of Matter.pdf,10,10.9,Heat transfer
Physics,Class 11,Thermal Properties Of Matter.pdf,10,10.10,Newton's law of cooling
Physics,Class 11,Thermodynamics.pdf,11,11.1,Introduction
Physics,Class 11,Thermodynamics.pdf,11,11.2,Thermal equilibrium
Physics,Class 11,Thermodynamics.pdf,11,11.3,Zeroth law of Thermodynamics
Physics,Class 11,Thermodynamics.pdf,11,11.4,Heat internal energy and work
Physics,Class 11,Thermodynamics.pdf,11,11.5,First law of thermodynamics
Physics,Class 11,Thermodynamics.pdf,11,11.6,Specific heat capacity
Physics,Class 11,Thermodynamics.pdf,11,11.7,Thermodynamic state variables and equation of state
Physics,Class 11,Thermodynamics.pdf,11,11.8,Thermodynamic processes
Physics,Class 11,Thermodynamics.pdf,11,11.9,Second law of thermodynamics
Physics,Class 11,Thermodynamics.pdf,11,11.10,Reversible and irreversible processes
Physics,Class 11,Thermodynamics.pdf,11,11.11,Carnot engine
Physics,Class 11,Units And Measurements.pdf,1,1.1,Introduction
Physics,Class 11,Units And Measurements.pdf,1,1.2,The international system of units
Physics,Class 11,Units And Measurements.pdf,1,1.3,Significant figures
Physics,Class 11,Units And Measurements.pdf,1,1.4,Dimensions of physical quantities
Physics,Class 11,Units And Measurements.pdf,1,1.5,Dimensional formulae and dimensional equations
Physics,Class 11,Units And Measurements.pdf,1,1.6,Dimensional analysis and its applications
Physics,Class 11,Waves.pdf,14,14.1,Introduction
Physics,Class 11,Waves.pdf,14,14.2,Transverse and longitudinal waves
Physics,Class 11,Waves.pdf,14,14.3,Displacement relation in a progressive wave
Physics,Class 11,Waves.pdf,14,14.4,The speed of a travelling wave
Physics,Class 11,Waves.pdf,14,14.5,The principle of superposition of waves
Physics,Class 11,Waves.pdf,14,14.6,Reflection of waves
Physics,Class 11,Waves.pdf,14,14.7,Beats
Physics,Class 11,Work Energy Power.pdf,5,5.1,Introduction
Physics,Class 11,Work Energy Power.pdf,5,5.2,Notions of work and kinetic energy: The work-energy theorem
Physics,Class 11,Work Energy Power.pdf,5,5.3,Work
Physics,Class 11,Work Energy Power.pdf,5,5.4,Kinetic energy
Physics,Class 11,Work Energy Power.pdf,5,5.5,Work done by a variable force
Physics,Class 11,Work Energy Power.pdf,5,5.6,The work-energy theorem for a variable force
Physics,Class 11,Work Energy Power.pdf,5,5.7,The concept of potential energy
Physics,Class 11,Work Energy Power.pdf,5,5.8,The conservation of mechanical energy
Physics,Class 11,Work Energy Power.pdf,5,5.9,The potential energy of a spring
Physics,Class 11,Work Energy Power.pdf,5,5.10,Power
Physics,Class 11,Work Energy Power.pdf,5,5.11,Collisions
Physics,Class 12,Alternating Current.pdf,7,7.1,INTRODUCTION
Physics,Class 12,Alternating Current.pdf,7,7.2,AC VOLTAGE APPLIED TO A RESISTOR
Physics,Class 12,Alternating Current.pdf,7,7.3,REPRESENTATION OF AC CURRENT AND VOLTAGE BY ROTATING VECTORS — PHASORS
Physics,Class 12,Alternating Current.pdf,7,7.4,AC VOLTAGE APPLIED TO AN INDUCTOR
Physics,Class 12,Alternating Current.pdf,7,7.5,AC VOLTAGE APPLIED TO A CAPACITOR
Physics,Class 12,Alternating Current.pdf,7,7.6,AC VOLTAGE APPLIED TO A SERIES LCR CIRCUIT
Physics,Class 12,Alternating Current.pdf,7,7.6.1,Phasor-diagram solution
Physics,Class 12,Alternating Current.pdf,7,7.6.2,Resonance
Physics,Class 12,Alternating Current.pdf,7,7.7,POWER IN AC CIRCUIT: THE POWER FACTOR
Physics,Class 12,Alternating Current.pdf,7,7.8,TRANSFORMERS
Physics,Class 12,Atoms.pdf,12,12.1,INTRODUCTION
Physics,Class 12,Atoms.pdf,12,12.2,ALPHA-PARTICLE SCATTERING AND RUTHERFORD’S NUCLEAR MODEL OF ATOM
Physics,Class 12,Atoms.pdf,12,12.2.1,Alpha-particle trajectory
Physics,Class 12,Atoms.pdf,12,12.2.2,Electron orbits
Physics,Class 12,Atoms.pdf,12,12.3,ATOMIC SPECTRA
Physics,Class 12,Atoms.pdf,12,12.4,BOHR MODEL OF THE HYDROGEN ATOM
Physics,Class 12,Atoms.pdf,12,12.4.1,Energy levels
Physics,Class 12,Atoms.pdf,12,12.5,THE LINE SPECTRA OF THE HYDROGEN ATOM
Physics,Class 12,Atoms.pdf,12,12.6,DE BROGLIE’S EXPLANATION OF BOHR’S SECOND POSTULATE OF QUANTISATION
Physics,Class 12,Current Electricity.pdf,3,3.1,INTRODUCTION
Physics,Class 12,Current Electricity.pdf,3,3.2,ELECTRIC CURRENT
Physics,Class 12,Current Electricity.pdf,3,3.3,ELECTRIC CURRENTS IN CONDUCTORS
Physics,Class 12,Current Electricity.pdf,3,3.4,OHM’S LAW
Physics,Class 12,Current Electricity.pdf,3,3.5,DRIFT OF ELECTRONS AND THE ORIGIN OF RESISTIVITY
Physics,Class 12,Current Electricity.pdf,3,3.5.1,Mobility
Physics,Class 12,Current Electricity.pdf,3,3.6,LIMITATIONS OF OHM'S LAW
Physics,Class 12,Current Electricity.pdf,3,3.7,RESISTIVITY OF VARIOUS MATERIALS
Physics,Class 12,Current Electricity.pdf,3,3.8,TEMPERATURE DEPENDENCE OF RESISTIVITY
Physics,Class 12,Current Electricity.pdf,3,3.9,ELECTRICAL ENERGY POWER
Physics,Class 12,Current Electricity.pdf,3,3.10,CELLS EMF INTERNAL RESISTANCE
Physics,Class 12,Current Electricity.pdf,3,3.11,CELLS IN SERIES AND IN PARALLEL
Physics,Class 12,Current Electricity.pdf,3,3.12,KIRCHHOFF’S RULES
Physics,Class 12,Current Electricity.pdf,3,3.13,WHEATSTONE BRIDGE
Physics,Class 12,Dual Nature Of Radiation And Matter.pdf,11,11.1,INTRODUCTION
Physics,Class 12,Dual Nature Of Radiation And Matter.pdf,11,11.2,ELECTRON EMISSION
Physics,Class 12,Dual Nature Of Radiation And Matter.pdf,11,11.3,PHOTOELECTRIC EFFECT
Physics,Class 12,Dual Nature Of Radiation And Matter.pdf,11,11.3.1,Hertz's observations
Physics,Class 12,Dual Nature Of Radiation And Matter.pdf,11,11.3.2,Hallwachs' and Lenard's observations
Physics,Class 12,Dual Nature Of Radiation And Matter.pdf,11,11.4,EXPERIMENTAL STUDY OF PHOTOELECTRIC EFFECT
Physics,Class 12,Dual Nature Of Radiation And Matter.pdf,11,11.4.1,Effect of intensity of light on photocurrent
Physics,Class 12,Dual Nature Of Radiation And Matter.pdf,11,11.4.2,Effect of potential on photoelectric current
Physics,Class 12,Dual Nature Of Radiation And Matter.pdf,11,11.4.3,Effect of frequency of incident radiation on stopping potential
Physics,Class 12,Dual Nature Of Radiation And Matter.pdf,11,11.5,PHOTOELECTRIC EFFECT AND WAVE THEORY OF LIGHT
Physics,Class 12,Dual Nature Of Radiation And Matter.pdf,11,11.6,EINSTEIN’S PHOTOELECTRIC EQUATION: ENERGY QUANTUM OF RADIATION
Physics,Class 12,Dual Nature Of Radiation And Matter.pdf,11,11.7,PARTICLE NATURE OF LIGHT: THE PHOTON
Physics,Class 12,Dual Nature Of Radiation And Matter.pdf,11,11.8,WAVE NATURE OF MATTER
Physics,Class 12,Electric Charges And Fields.pdf,1,1.1,INTRODUCTION
Physics,Class 12,Electric Charges And Fields.pdf,1,1.2,ELECTRIC CHARGE
Physics,Class 12,Electric Charges And Fields.pdf,1,1.3,CONDUCTORS AND INSULATORS
Physics,Class 12,Electric Charges And Fields.pdf,1,1.4,BASIC PROPERTIES OF ELECTRIC CHARGE
Physics,Class 12,Electric Charges And Fields.pdf,1,1.4.1,Additivity of charges
Physics,Class 12,Electric Charges And Fields.pdf,1,1.4.2,Charge is conserved
Physics,Class 12,Electric Charges And Fields.pdf,1,1.4.3,Quantisation of charge
Physics,Class 12,Electric Charges And Fields.pdf,1,1.5,COULOMB'S LAW
Physics,Class 12,Electric Charges And Fields.pdf,1,1.6,FORCES BETWEEN MULTIPLE CHARGES
Physics,Class 12,Electric Charges And Fields.pdf,1,1.7,ELECTRIC FIELD
Physics,Class 12,Electric Charges And Fields.pdf,1,1.7.1,Electric field due to a system of charges
Physics,Class 12,Electric Charges And Fields.pdf,1,1.7.2,Physical significance of electric field
Physics,Class 12,Electric Charges And Fields.pdf,1,1.8,ELECTRIC FIELD LINES
Physics,Class 12,Electric Charges And Fields.pdf,1,1.9,ELECTRIC FLUX
Physics,Class 12,Electric Charges And Fields.pdf,1,1.10,ELECTRIC DIPOLE
Physics,Class 12,Electric Charges And Fields.pdf,1,1.10.1,The field of an electric dipole
Physics,Class 12,Electric Charges And Fields.pdf,1,1.10.2,Dipole in a uniform external field
Physics,Class 12,Electric Charges And Fields.pdf,1,1.11,CONTINUOUS CHARGE DISTRIBUTION
Physics,Class 12,Electric Charges And Fields.pdf,1,1.12,GAUSS'S LAW
Physics,Class 12,Electric Charges And Fields.pdf,1,1.13,APPLICATIONS OF GAUSS'S LAW
Physics,Class 12,Electric Charges And Fields.pdf,1,1.13.1,Field due to an infinitely long straight uniformly charged wire
Physics,Class 12,Electric Charges And Fields.pdf,1,1.13.2,Field due to a uniformly charged infinite plane sheet
Physics,Class 12,Electric Charges And Fields.pdf,1,1.13.3,Field due to a uniformly charged thin spherical shell
Physics,Class 12,Electromagnetic Induction.pdf,6,6.1,INTRODUCTION
Physics,Class 12,Electromagnetic Induction.pdf,6,6.2,THE EXPERIMENTS OF FARADAY AND HENRY
Physics,Class 12,Electromagnetic Induction.pdf,6,6.3,MAGNETIC FLUX
Physics,Class 12,Electromagnetic Induction.pdf,6,6.4,FARADAY'S LAW OF INDUCTION
Physics,Class 12,Electromagnetic Induction.pdf,6,6.5,LENZ's Law AND CONSERVATION OF ENERGY
Physics,Class 12,Electromagnetic Induction.pdf,6,6.6,ΜΟΤΙONAL ELECTROMOTIVE FORCE
Physics,Class 12,Electromagnetic Induction.pdf,6,6.7,INDUCTANCE
Physics,Class 12,Electromagnetic Induction.pdf,6,6.7.1,Mutual inductance
Physics,Class 12,Electromagnetic Induction.pdf,6,6.7.2,Self-inductance
Physics,Class 12,Electromagnetic Induction.pdf,6,6.8,AC GENERATOR
Physics,Class 12,Electromagnetic Waves.pdf,8,8.1,INTRODUCTION
Physics,Class 12,Electromagnetic Waves.pdf,8,8.2,DISPLACEMENT CURRENT
Physics,Class 12,Electromagnetic Waves.pdf,8,8.3,ELECTROMAGNETIC WAVES
Physics,Class 12,Electromagnetic Waves.pdf,8,8.3.1,Sources of electromagnetic waves
Physics,Class 12,Electromagnetic Waves.pdf,8,8.3.2,Nature of electromagnetic waves
Physics,Class 12,Electromagnetic Waves.pdf,8,8.4,ELECTROMAGNETIC SPECTRUM
Physics,Class 12,Electromagnetic Waves.pdf,8,8.4.1,Radio waves
Physics,Class 12,Electromagnetic Waves.pdf,8,8.4.2,Microwaves
Physics,Class 12,Electromagnetic Waves.pdf,8,8.4.3,Infrared waves
Physics,Class 12,Electromagnetic Waves.pdf,8,8.4.4,Visible rays
Physics,Class 12,Electromagnetic Waves.pdf,8,8.4.5,Ultraviolet rays
Physics,Class 12,Electromagnetic Waves.pdf,8,8.4.6,X-rays
Physics,Class 12,Electromagnetic Waves.pdf,8,8.4.7,Gamma rays
Physics,Class 12,Electrostatic Potential And Capacitance.pdf,2,2.1,INTRODUCTION
Physics,Class 12,Electrostatic Potential And Capacitance.pdf,2,2.2,ELECTROSTATIC POTENTIAL
Physics,Class 12,Electrostatic Potential And Capacitance.pdf,2,2.3,POTENTIAL DUE TO A POINT CHARGE
Physics,Class 12,Electrostatic Potential And Capacitance.pdf,2,2.4,POTENTIAL DUE TO AN ELECTRIC DIPOLE
Physics,Class 12,Electrostatic Potential And Capacitance.pdf,2,2.5,POTENTIAL DUE TO A SYSTEM OF CHARGES
Physics,Class 12,Electrostatic Potential And Capacitance.pdf,2,2.6,EQUIPOTENTIAL SURFACES
Physics,Class 12,Electrostatic Potential And Capacitance.pdf,2,2.6.1,Relation between field and potential
Physics,Class 12,Electrostatic Potential And Capacitance.pdf,2,2.7,POTENTIAL ENERGY OF A SYSTEM OF CHARGES
Physics,Class 12,Electrostatic Potential And Capacitance.pdf,2,2.8,POTENTIAL ENERGY IN AN EXTERNAL FIELD
Physics,Class 12,Electrostatic Potential And Capacitance.pdf,2,2.8.1,Potential energy of a single charge
Physics,Class 12,Electrostatic Potential And Capacitance.pdf,2,2.8.2,Potential energy of a system of two charges in an external field
Physics,Class 12,Electrostatic Potential And Capacitance.pdf,2,2.8.3,Potential energy of a dipole in an external field
Physics,Class 12,Electrostatic Potential And Capacitance.pdf,2,2.9,ELECTROSTATICS OF CONDUCTORS
Physics,Class 12,Electrostatic Potential And Capacitance.pdf,2,2.10,DIELECTRICS AND POLARISATION
Physics,Class 12,Electrostatic Potential And Capacitance.pdf,2,2.11,CAPACITORS AND CAPACITANCE
Physics,Class 12,Electrostatic Potential And Capacitance.pdf,2,2.12,THE PARALLEL PLATE CAPACITOR
Physics,Class 12,Electrostatic Potential And Capacitance.pdf,2,2.13,EFFECT OF DIELECTRIC ON CAPACITANCE
Physics,Class 12,Electrostatic Potential And Capacitance.pdf,2,2.14,COMBINATION OF CAPACITORS
Physics,Class 12,Electrostatic Potential And Capacitance.pdf,2,2.14.1,Capacitors in series
Physics,Class 12,Electrostatic Potential And Capacitance.pdf,2,2.14.2,Capacitors in parallel
Physics,Class 12,Electrostatic Potential And Capacitance.pdf,2,2.15,ENERGY STORED IN A CAPACITOR
Physics,Class 12,Magnetism And Matter.pdf,5,5.1,Introduction
Physics,Class 12,Magnetism And Matter.pdf,5,5.2,The Bar Magnet
Physics,Class 12,Magnetism And Matter.pdf,5,5.2.1,The magnetic field lines
Physics,Class 12,Magnetism And Matter.pdf,5,5.2.2,Bar magnet as an equivalent solenoid
Physics,Class 12,Magnetism And Matter.pdf,5,5.2.3,The dipole in a uniform magnetic field
Physics,Class 12,Magnetism And Matter.pdf,5,5.2.4,The electrostatic analog
Physics,Class 12,Magnetism And Matter.pdf,5,5.3,Magnetism And Gauss's Law
Physics,Class 12,Magnetism And Matter.pdf,5,5.4,Magnetisation And Magnetic Intensity
Physics,Class 12,Magnetism And Matter.pdf,5,5.5,Magnetic Properties Of Materials
Physics,Class 12,Magnetism And Matter.pdf,5,5.5.1,Diamagnetism
Physics,Class 12,Magnetism And Matter.pdf,5,5.5.2,Paramagnetism
Physics,Class 12,Magnetism And Matter.pdf,5,5.5.3,Ferromagnetism
Physics,Class 12,Moving Charges And Magnetism.pdf,4,4.1,Introduction
Physics,Class 12,Moving Charges And Magnetism.pdf,4,4.2,Magnetic Force
Physics,Class 12,Moving Charges And Magnetism.pdf,4,4.2.1,Sources and fields
Physics,Class 12,Moving Charges And Magnetism.pdf,4,4.2.2,Magnetic Field Lorentz Force
Physics,Class 12,Moving Charges And Magnetism.pdf,4,4.2.3,Magnetic force on a current-carrying conductor
Physics,Class 12,Moving Charges And Magnetism.pdf,4,4.3,Motion In A Magnetic Field
Physics,Class 12,Moving Charges And Magnetism.pdf,4,4.4,Magnetic Field due to a Current Element Biot-Savart Law
Physics,Class 12,Moving Charges And Magnetism.pdf,4,4.5,Magnetic Field on the Axis of a Circular Current Loop
Physics,Class 12,Moving Charges And Magnetism.pdf,4,4.6,Ampere's Circuital Law
Physics,Class 12,Moving Charges And Magnetism.pdf,4,4.7,The Solenoid
Physics,Class 12,Moving Charges And Magnetism.pdf,4,4.8,Force Between Two Parallel Currents The Ampere
Physics,Class 12,Moving Charges And Magnetism.pdf,4,4.9,Torque On Current Loop Magnetic Dipole
Physics,Class 12,Moving Charges And Magnetism.pdf,4,4.9.1,Torque on a rectangular current loop in a uniform magnetic field
Physics,Class 12,Moving Charges And Magnetism.pdf,4,4.9.2,Circular current loop as a magnetic dipole
Physics,Class 12,Moving Charges And Magnetism.pdf,4,4.10,The Moving Coil Galvanometer
Physics,Class 12,Nuclei.pdf,13,13.1,Introduction
Physics,Class 12,Nuclei.pdf,13,13.2,Atomic Masses And Composition Of Nucleus
Physics,Class 12,Nuclei.pdf,13,13.3,Size Of The Nucleus
Physics,Class 12,Nuclei.pdf,13,13.4,Mass-Energy And Nuclear Binding Energy
Physics,Class 12,Nuclei.pdf,13,13.4.1,Mass – Energy
Physics,Class 12,Nuclei.pdf,13,13.4.2,Nuclear binding energy
Physics,Class 12,Nuclei.pdf,13,13.5,Nuclear Force
Physics,Class 12,Nuclei.pdf,13,13.6,Radioactivity
Physics,Class 12,Nuclei.pdf,13,13.7,Nuclear Energy
Physics,Class 12,Nuclei.pdf,13,13.7.1,Fission
Physics,Class 12,Nuclei.pdf,13,13.7.2,Nuclear fusion – energy generation in stars
Physics,Class 12,Nuclei.pdf,13,13.7.3,Controlled thermonuclear fusion
Physics,Class 12,Ray Optics.pdf,9,9.1,Introduction
Physics,Class 12,Ray Optics.pdf,9,9.2,Reflection Of Light By Spherical Mirrors
Physics,Class 12,Ray Optics.pdf,9,9.2.1,Sign convention
Physics,Class 12,Ray Optics.pdf,9,9.2.2,Focal length of spherical mirrors
Physics,Class 12,Ray Optics.pdf,9,9.2.3,The mirror equation
Physics,Class 12,Ray Optics.pdf,9,9.3,Refraction
Physics,Class 12,Ray Optics.pdf,9,9.4,Total Internal Reflection
Physics,Class 12,Ray Optics.pdf,9,9.4.1,Total internal reflection in nature and its technological applications
Physics,Class 12,Ray Optics.pdf,9,9.5,Refraction At Spherical Surfaces And By Lenses
Physics,Class 12,Ray Optics.pdf,9,9.5.1,Refraction at a spherical surface
Physics,Class 12,Ray Optics.pdf,9,9.5.2,Refraction by a lens
Physics,Class 12,Ray Optics.pdf,9,9.5.3,Power of a lens
Physics,Class 12,Ray Optics.pdf,9,9.5.4,Combination of thin lenses in contact
Physics,Class 12,Ray Optics.pdf,9,9.6,Refraction Through A Prism
Physics,Class 12,Ray Optics.pdf,9,9.7,Optical Instruments
Physics,Class 12,Ray Optics.pdf,9,9.7.1,The microscope
Physics,Class 12,Ray Optics.pdf,9,9.7.2,Telescope
Physics,Class 12,SemiConductor Electronics.pdf,14,14.1,Introduction
Physics,Class 12,SemiConductor Electronics.pdf,14,14.2,Classification Of Metals Conductors And Semiconductors
Physics,Class 12,SemiConductor Electronics.pdf,14,14.3,Intrinsic Semiconductor
Physics,Class 12,SemiConductor Electronics.pdf,14,14.4,Extrinsic Semiconductor
Physics,Class 12,SemiConductor Electronics.pdf,14,14.5,p-n Junction
Physics,Class 12,SemiConductor Electronics.pdf,14,14.5.1,p-n junction formation
Physics,Class 12,SemiConductor Electronics.pdf,14,14.6,Semiconductor Diode
Physics,Class 12,SemiConductor Electronics.pdf,14,14.6.1,p-n junction diode under forward bias
Physics,Class 12,SemiConductor Electronics.pdf,14,14.6.2,p-n junction diode under reverse bias
Physics,Class 12,SemiConductor Electronics.pdf,14,14.7,Application Of Junction Diode As A Rectifier
Physics,Class 12,Wave Optics.pdf,10,10.1,Introduction
Physics,Class 12,Wave Optics.pdf,10,10.2,Huygens Principle
Physics,Class 12,Wave Optics.pdf,10,10.3,Refraction And Reflection Of Plane Waves Using Huygens Principle
Physics,Class 12,Wave Optics.pdf,10,10.3.1,Refraction of a plane wave
Physics,Class 12,Wave Optics.pdf,10,10.3.2,Refraction at a rarer medium
Physics,Class 12,Wave Optics.pdf,10,10.3.3,Reflection of a plane wave by a plane surface
Physics,Class 12,Wave Optics.pdf,10,10.4,Coherent And Incoherent Addition Of Waves
Physics,Class 12,Wave Optics.pdf,10,10.5,Interference Of Light Waves And Young's Experiment
Physics,Class 12,Wave Optics.pdf,10,10.6,Diffraction
Physics,Class 12,Wave Optics.pdf,10,10.6.1,The single slit
Physics,Class 12,Wave Optics.pdf,10,10.6.2,Seeing the single slit diffraction pattern
Physics,Class 12,Wave Optics.pdf,10,10.7,Polarisation
